amount,hour,is_new_recipient,recipient_age_days,recipient_txn_count,recipient_report_count,user_avg_payment,amount_deviation,txn_velocity_1h,urgency_score,secrecy_score,historical_relationship,is_odd_hour,is_fraud
6759.73,11,0,122,62,0,2455.64,2.753,0,4.9,11.5,5,0,0
1602.91,15,1,67,6,2,2079.54,0.771,0,1.6,5.7,0,0,1
820.47,7,1,110,8,2,3186.82,0.257,0,7.8,4.9,0,0,1
1253.83,21,1,82,85,0,2001.2,0.627,1,49.2,11.8,0,0,0
3694.0,3,1,288,40,0,4220.97,0.875,2,42.8,24.9,0,1,0
1344.62,15,0,370,24,0,3072.11,0.438,1,19.2,11.0,15,0,0
3801.23,13,1,67,5,2,1986.59,1.913,4,48.9,82.9,0,0,1
11124.29,19,1,67,3,1,3079.63,3.612,2,70.9,70.4,0,0,1
786.27,3,0,643,85,1,2846.64,0.276,1,43.9,4.3,21,1,0
2033.83,15,0,707,42,0,1728.82,1.176,3,2.9,3.2,14,0,0
2082.03,9,0,353,23,0,3260.37,0.639,0,13.0,4.7,3,0,0
751.58,2,1,154,36,0,940.44,0.799,0,20.2,16.5,0,1,0
122.85,15,0,445,46,0,3210.54,0.038,1,20.6,8.2,27,0,0
953.18,15,1,99,29,0,2521.78,0.378,0,5.9,9.4,0,0,0
850.97,3,0,408,128,0,3894.61,0.219,1,19.8,28.3,29,1,0
848.73,20,0,713,79,0,1354.11,0.627,1,35.7,0.7,31,0,0
1710.49,18,0,757,46,0,1932.63,0.885,0,14.8,1.1,32,0,0
1821.09,9,0,875,33,0,2307.3,0.789,1,47.1,8.0,25,0,0
20000.0,17,1,44,14,3,1499.47,13.338,4,33.4,79.1,0,0,1
2899.89,15,0,624,54,0,3031.0,0.957,0,5.5,3.4,25,0,0
644.41,7,0,725,73,0,2462.64,0.262,0,3.9,23.4,2,0,0
1837.24,17,0,697,59,0,4030.81,0.456,2,7.4,13.5,14,0,0
631.76,5,0,407,45,0,2372.7,0.266,1,32.2,2.6,34,1,1
14467.67,13,0,696,84,0,1608.57,8.994,1,21.1,5.8,49,0,0
3615.38,18,0,581,91,0,2978.39,1.214,1,4.0,43.2,7,0,0
2414.68,22,0,495,157,1,1647.3,1.466,1,24.5,9.4,14,0,0
1247.27,18,1,80,17,0,2170.33,0.575,0,1.8,14.7,0,0,0
1515.72,13,1,393,147,1,680.94,2.226,0,26.1,12.6,0,0,0
4494.62,12,0,559,106,0,4461.76,1.007,0,24.6,10.0,31,0,0
5493.2,18,0,279,67,0,575.09,9.552,1,28.3,3.8,14,0,0
1673.1,4,1,59,0,1,3655.44,0.458,0,79.6,92.8,0,1,1
7518.05,8,0,308,51,0,2344.26,3.207,0,34.2,14.6,38,0,0
4168.71,17,1,137,26,2,2643.27,1.577,3,87.2,35.8,0,0,1
764.29,13,0,296,69,0,2298.72,0.332,1,8.4,7.4,33,0,0
480.87,23,0,548,84,0,2023.69,0.238,0,4.6,8.3,29,1,0
983.9,9,0,426,31,0,2648.99,0.371,0,12.4,14.1,26,0,0
2591.78,7,0,319,28,0,3397.94,0.763,1,4.2,2.6,20,0,1
2936.69,22,0,45,62,0,300.0,9.789,1,22.6,48.2,27,0,0
2697.04,16,0,571,51,0,2397.66,1.125,2,32.4,1.8,27,0,0
1575.05,8,0,1124,46,0,1921.87,0.82,1,33.0,12.3,34,0,0
650.89,20,0,359,133,0,2572.81,0.253,0,29.2,40.9,39,0,0
209.99,19,0,208,14,0,2216.76,0.095,3,49.7,19.0,12,0,0
8713.6,12,0,470,102,0,1836.31,4.745,1,26.2,27.6,37,0,1
2667.18,1,1,112,53,0,2921.3,0.913,0,18.7,38.7,0,1,0
19718.58,12,0,77,20,0,3047.62,6.47,1,15.8,6.4,33,0,0
403.82,22,0,434,116,0,3710.5,0.109,0,4.8,24.5,36,0,0
838.69,23,0,582,78,0,1381.35,0.607,2,6.1,28.3,33,1,0
3253.36,16,0,335,21,0,2970.42,1.095,1,29.0,17.0,37,0,0
9086.85,10,0,997,100,0,2634.51,3.449,2,52.9,7.3,2,0,0
1694.43,20,0,498,88,0,1426.49,1.188,0,17.0,6.8,31,0,0
2803.02,15,1,172,28,0,3227.38,0.869,0,31.2,27.7,0,0,0
19440.66,0,0,917,21,0,2151.07,9.038,2,24.6,2.1,18,1,0
5860.29,10,0,673,126,0,2608.58,2.247,0,7.2,7.0,12,0,0
3077.13,12,1,13,11,0,1652.26,1.862,7,73.3,85.7,0,0,1
2038.93,15,0,341,57,0,3044.46,0.67,3,35.4,6.4,25,0,0
452.54,19,0,544,74,0,2373.62,0.191,1,23.5,10.0,21,0,0
1474.73,17,0,362,17,0,1333.78,1.106,0,3.3,32.9,22,0,0
593.11,21,1,11,12,1,2591.39,0.229,3,3.8,4.7,0,0,1
1189.5,8,1,33,36,0,2541.03,0.468,0,42.3,27.5,0,0,0
8031.62,19,1,70,62,0,3043.21,2.639,1,28.7,6.6,0,0,0
306.24,6,0,462,25,0,3451.67,0.089,1,12.4,1.3,28,0,0
12700.02,6,1,89,18,2,2473.34,5.135,3,83.1,71.9,0,0,1
2140.23,9,0,432,57,0,1830.3,1.169,0,23.2,18.2,33,0,0
19132.63,17,0,429,40,0,3161.99,6.051,1,18.4,4.1,30,0,0
2387.9,21,0,383,108,0,3106.03,0.769,1,55.0,0.3,31,0,0
471.49,21,0,475,74,0,2980.1,0.158,1,21.3,18.3,23,0,0
4283.35,7,0,406,88,0,3306.33,1.295,0,29.8,9.0,4,0,0
1850.5,4,0,637,73,0,300.0,6.168,0,15.2,1.8,18,1,0
7525.05,13,0,299,18,4,3014.98,2.496,1,62.8,19.4,2,0,1
5310.75,21,1,58,47,0,4590.85,1.157,0,1.3,29.7,0,0,0
456.31,8,0,238,85,0,2832.45,0.161,1,10.6,13.6,29,0,0
634.25,15,1,44,84,1,2434.9,0.26,0,14.9,3.3,0,0,0
8604.42,7,1,70,18,1,2403.52,3.58,1,62.0,89.2,0,0,1
10065.31,7,1,153,27,0,1696.22,5.934,0,42.9,14.9,0,0,0
7774.15,10,1,118,57,0,3270.41,2.377,1,17.5,16.7,0,0,0
899.82,4,0,463,89,0,2716.81,0.331,1,43.5,43.2,35,1,1
1670.3,20,0,965,50,0,2457.54,0.68,1,14.5,8.6,8,0,0
2475.22,8,0,642,62,0,3677.77,0.673,0,41.1,10.7,1,0,0
5961.39,1,1,49,0,1,2274.33,2.621,5,95.8,77.9,0,1,1
829.4,10,1,84,113,0,1328.97,0.624,1,29.0,1.8,0,0,0
2390.76,20,0,350,33,0,1701.87,1.405,0,12.3,13.8,38,0,0
1172.22,16,0,336,14,0,2896.32,0.405,2,19.7,3.1,23,0,0
619.91,15,0,832,55,1,3128.13,0.198,0,25.5,4.6,19,0,0
1489.17,10,0,488,74,0,2865.68,0.52,1,62.5,0.5,34,0,0
555.3,7,0,582,131,0,3363.97,0.165,0,12.0,15.9,37,0,0
3082.2,7,0,308,30,0,3078.46,1.001,1,6.7,2.6,22,0,0
1054.33,5,1,19,23,2,2111.05,0.499,4,3.5,10.0,0,1,1
1164.21,4,0,843,37,0,1446.15,0.805,0,18.0,3.8,5,1,0
4555.94,16,0,379,66,0,1291.13,3.529,0,20.1,16.5,15,0,0
4101.48,14,0,717,50,1,1918.64,2.138,1,54.3,19.3,6,0,0
1858.85,7,0,648,45,0,2472.49,0.752,2,18.9,11.5,6,0,0
1500.06,10,1,264,40,1,3579.53,0.419,2,37.0,20.3,0,0,0
1251.28,15,1,202,32,0,4428.04,0.283,0,24.5,21.5,0,0,0
469.14,12,0,722,63,1,1479.17,0.317,1,32.8,4.6,32,0,0
1165.09,17,0,636,51,0,3029.77,0.385,0,14.3,2.2,5,0,0
2726.07,14,0,759,24,0,3191.53,0.854,0,10.9,2.2,1,0,0
1926.3,22,0,489,40,0,2110.22,0.913,0,15.7,27.6,17,0,0
3961.75,9,0,603,72,0,734.93,5.391,3,12.9,2.2,20,0,0
2476.32,14,0,1314,20,0,3448.56,0.718,2,27.8,5.1,9,0,0
1582.52,17,1,114,55,0,2748.05,0.576,1,50.8,13.2,0,0,0
903.48,4,0,165,124,0,3251.46,0.278,0,43.0,12.7,19,1,0
605.33,7,0,683,38,0,2696.27,0.225,0,23.5,0.8,7,0,0
695.39,0,0,574,107,0,1839.8,0.378,0,32.4,5.4,39,1,1
8143.48,0,1,270,10,1,1804.44,4.513,3,59.8,18.0,0,1,1
1155.69,4,0,306,30,0,2132.1,0.542,2,7.9,17.0,39,1,0
12406.84,19,0,411,1,3,2125.18,5.838,2,75.2,73.7,3,0,1
1539.77,8,1,114,37,0,300.0,5.133,1,19.6,23.9,0,0,0
1846.21,11,0,286,39,0,2289.78,0.806,0,33.9,8.7,21,0,0
579.54,14,0,628,58,0,300.0,1.932,1,9.1,26.0,25,0,0
1742.12,15,0,667,81,0,933.25,1.867,1,9.2,1.4,39,0,0
1653.59,12,0,420,72,0,1363.45,1.213,1,21.7,17.3,39,0,0
1643.32,8,0,307,35,1,3810.24,0.431,1,10.7,1.8,21,0,0
570.65,18,1,21,49,0,2968.98,0.192,0,27.0,15.7,0,0,0
824.15,13,1,76,3,0,3643.01,0.226,2,5.0,1.9,0,0,1
1053.9,16,0,899,76,0,3751.82,0.281,4,33.5,15.1,29,0,0
305.21,22,0,709,89,0,3859.46,0.079,0,7.2,20.9,34,0,0
352.06,0,1,35,51,0,1385.48,0.254,1,10.8,10.0,0,1,0
18536.5,14,0,748,57,0,2225.91,8.328,0,10.4,18.0,39,0,0
69.36,11,1,191,56,0,1644.3,0.042,0,30.4,11.4,0,0,0
6092.65,2,1,43,5,1,3281.23,1.857,0,94.1,50.7,0,1,1
910.57,10,1,337,89,0,1440.06,0.632,0,15.7,9.6,0,0,1
5221.8,4,1,123,1,0,2322.63,2.248,1,67.8,46.3,0,1,1
3393.92,11,0,834,36,0,2567.22,1.322,1,19.6,3.3,35,0,0
858.34,15,1,49,20,0,3003.27,0.286,0,19.8,14.2,0,0,0
2792.91,7,0,353,77,0,3004.98,0.929,0,14.9,2.7,33,0,0
534.89,12,0,173,39,0,1882.65,0.284,0,25.6,26.2,7,0,0
19939.88,15,0,660,55,0,1856.3,10.742,1,30.6,17.1,51,0,0
13560.97,23,0,62,49,0,3160.17,4.291,3,15.1,7.3,39,1,0
20000.0,15,1,114,4,3,3342.38,5.984,3,84.1,43.3,0,0,1
2329.23,9,1,87,5,2,1576.16,1.478,0,87.7,71.4,0,0,1
414.79,11,1,188,63,0,2299.41,0.18,0,4.6,8.0,0,0,0
1483.68,13,0,646,50,0,2164.31,0.686,0,6.1,3.1,15,0,0
15951.36,2,0,706,47,0,2370.88,6.728,0,3.5,9.5,58,1,0
1524.74,19,0,290,60,0,1682.46,0.906,0,16.7,5.5,11,0,0
454.34,20,1,158,54,0,1903.79,0.239,1,17.1,23.4,0,0,0
4432.63,12,1,9,97,0,2311.03,1.918,1,11.9,4.6,0,0,0
15776.03,9,0,170,52,0,3127.17,5.045,0,3.1,2.5,44,0,0
1050.99,10,0,725,70,0,2146.92,0.49,1,7.0,40.4,19,0,0
9761.21,23,1,6,4,2,2120.53,4.603,2,67.6,22.8,0,1,1
1519.74,18,0,744,59,0,2522.03,0.603,1,30.7,31.0,35,0,0
448.82,14,1,253,84,0,2412.11,0.186,1,33.0,9.5,0,0,0
814.88,4,0,862,87,0,2166.86,0.376,0,30.1,12.3,29,1,0
610.99,17,1,73,38,0,3024.05,0.202,0,9.4,3.6,0,0,0
18276.37,6,0,41,45,0,2449.26,7.462,1,7.8,6.1,36,0,0
1805.84,17,1,200,38,0,1510.21,1.196,1,13.0,6.6,0,0,0
20000.0,18,0,81,1,1,2175.82,9.192,4,67.4,28.4,1,0,1
365.52,20,0,448,37,0,2158.45,0.169,0,15.9,22.7,24,0,0
2484.67,0,1,80,2,1,2548.29,0.975,4,18.6,12.9,0,1,1
444.3,0,0,486,204,0,1559.33,0.285,0,23.8,9.7,36,1,0
20000.0,23,1,9,12,3,2770.95,7.218,1,31.3,41.5,0,1,1
13833.03,17,1,33,0,2,3683.3,3.756,1,86.6,70.6,0,0,1
573.1,4,0,598,38,0,1959.24,0.293,1,21.0,30.5,4,1,0
3138.38,6,0,523,59,0,2762.06,1.136,1,16.8,3.0,1,0,0
10453.9,14,0,1033,41,0,573.44,18.23,0,46.2,6.4,11,0,0
7587.82,4,1,207,6,2,1146.76,6.617,1,88.3,38.1,0,1,1
20000.0,3,1,80,8,1,3579.94,5.587,1,91.1,44.7,0,1,1
2506.31,20,1,138,86,0,2321.67,1.08,0,2.1,9.0,0,0,0
587.71,9,0,333,37,0,2532.21,0.232,2,26.1,31.9,7,0,0
752.49,20,0,242,42,0,3909.38,0.192,2,17.1,25.1,14,0,0
1101.74,15,0,273,56,0,988.92,1.114,2,10.4,5.2,22,0,0
9186.65,1,1,138,4,3,1857.24,4.946,3,58.6,23.9,0,1,1
2188.61,18,0,612,23,0,3112.33,0.703,1,16.9,0.8,30,0,0
1696.72,1,0,721,40,0,2093.47,0.81,0,36.9,15.1,25,1,0
18234.3,8,0,778,89,0,3002.68,6.073,1,40.9,6.6,47,0,0
974.45,13,0,490,39,0,4340.9,0.224,0,4.9,13.4,15,0,0
1503.61,20,1,260,68,0,2430.77,0.619,1,29.6,9.1,0,0,0
1312.36,6,1,36,92,0,3779.56,0.347,0,32.8,8.3,0,0,0
497.98,7,0,514,48,0,2601.37,0.191,0,21.8,33.3,4,0,0
20000.0,17,1,41,6,1,3406.51,5.871,1,82.9,64.5,0,0,1
19744.02,10,0,500,41,0,1374.76,14.362,2,9.7,24.2,25,0,0
983.39,16,1,52,65,0,3617.92,0.272,2,24.9,18.3,0,0,0
198.2,22,0,865,104,0,1796.21,0.11,0,19.5,40.5,12,0,0
732.27,11,0,675,37,0,3334.13,0.22,0,27.1,29.6,7,0,0
1477.75,15,0,776,79,0,2756.39,0.536,2,10.2,2.4,11,0,1
5520.19,15,0,324,81,0,1006.81,5.483,0,18.7,3.0,9,0,0
1059.08,5,1,315,13,0,2321.75,0.456,2,35.2,4.3,0,1,0
370.25,20,0,309,67,0,2359.77,0.157,0,13.4,2.6,32,0,0
2366.86,11,1,6,6,3,1803.14,1.313,1,40.9,49.4,0,0,1
3809.68,18,1,1,3,2,1806.6,2.109,1,83.6,38.2,0,0,1
929.69,15,1,45,33,0,1088.43,0.854,0,39.6,9.9,0,0,0
1219.74,3,1,98,81,0,687.69,1.774,2,10.7,8.9,0,1,0
1126.34,16,0,547,37,0,2473.9,0.455,1,20.4,3.1,39,0,0
8216.19,22,1,37,6,4,1580.7,5.198,1,51.0,55.3,0,0,1
445.06,11,1,43,47,0,3554.41,0.125,0,11.7,7.8,0,0,0
3408.24,7,0,631,61,0,3050.84,1.117,3,13.1,36.6,15,0,0
275.91,1,1,8,88,0,2662.85,0.104,1,28.4,37.7,0,1,0
169.25,13,1,162,34,0,1567.21,0.108,1,1.7,0.8,0,0,0
3256.25,10,1,83,0,4,3165.33,1.029,7,47.0,32.6,0,0,1
387.65,15,1,222,48,0,2136.97,0.181,1,2.1,7.8,0,0,0
4557.34,17,0,129,111,1,2180.72,2.09,0,17.3,14.8,36,0,0
2736.95,22,1,34,87,0,313.55,8.729,1,10.5,15.1,0,0,0
2278.29,7,0,692,49,0,3111.27,0.732,2,29.1,15.1,12,0,0
3009.57,11,1,86,3,2,2223.23,1.354,5,79.1,43.5,0,0,1
2336.13,18,1,68,89,0,4062.57,0.575,2,23.2,3.2,0,0,0
2336.74,15,0,404,68,0,1405.01,1.663,1,21.4,3.5,16,0,0
2906.23,8,0,299,87,0,3500.7,0.83,0,24.6,18.2,28,0,0
3756.48,20,0,554,96,0,2180.76,1.723,1,38.6,6.1,29,0,0
3956.58,18,1,2,6,3,1303.14,3.036,3,92.2,89.3,0,0,1
2604.9,18,0,416,39,0,3141.16,0.829,1,11.7,7.6,31,0,0
1228.18,6,0,474,34,0,2677.88,0.459,1,23.4,15.1,10,0,0
282.55,15,0,618,62,0,2122.14,0.133,0,5.2,24.5,23,0,0
14194.36,17,0,413,70,0,2496.34,5.686,0,25.6,7.7,30,0,0
681.43,10,0,499,112,0,1150.51,0.592,0,2.4,23.1,25,0,0
3845.22,14,0,479,73,0,2175.11,1.768,0,9.2,8.5,4,0,0
20000.0,22,1,12,3,2,3347.59,5.974,6,56.8,50.7,0,0,1
595.5,7,0,571,39,0,2268.68,0.262,1,18.7,3.2,23,0,0
865.54,17,0,468,73,0,2215.35,0.391,0,3.4,8.6,29,0,0
437.18,11,0,415,34,0,3931.95,0.111,0,44.5,15.2,18,0,0
379.71,14,0,337,180,0,4013.52,0.095,3,41.8,2.8,28,0,0
2714.16,21,0,423,70,0,4169.94,0.651,0,24.1,22.2,39,0,0
12705.41,16,1,29,3,0,2703.51,4.7,0,85.8,84.6,0,0,1
2101.69,14,0,264,73,0,1786.97,1.176,0,14.1,23.5,21,0,0
2857.58,11,1,130,91,0,2463.46,1.16,0,42.1,5.8,0,0,0
6399.56,19,0,142,8,0,1999.37,3.201,0,10.9,19.1,22,0,0
176.56,20,0,319,48,0,300.0,0.589,1,28.7,14.4,25,0,0
2537.75,18,0,415,29,0,3326.53,0.763,1,24.5,11.3,27,0,0
1652.58,6,1,439,83,0,3272.98,0.505,2,19.1,28.9,0,0,0
942.97,21,0,1060,28,0,2348.84,0.401,2,15.0,10.5,20,0,0
3844.79,15,0,264,8,4,1364.36,2.818,1,77.2,81.1,2,0,1
5354.88,4,0,565,9,1,3661.03,1.463,3,50.9,49.7,2,1,1
191.13,9,0,375,100,0,3138.8,0.061,1,28.0,11.3,36,0,0
12921.64,20,0,23,100,0,1960.94,6.59,1,15.5,30.2,28,0,0
1024.57,11,1,87,37,0,509.71,2.01,0,5.3,42.8,0,0,0
4032.31,9,1,124,63,0,2945.08,1.369,0,35.1,3.4,0,0,0
2526.14,0,0,830,37,0,1808.04,1.397,0,30.0,24.1,16,1,0
5189.98,5,1,5,2,0,4549.84,1.141,4,59.7,52.1,0,1,0
20000.0,0,1,105,3,2,1839.49,10.873,4,53.3,35.8,0,1,1
873.15,13,0,444,94,0,3451.16,0.253,0,7.0,11.7,31,0,0
8050.97,6,0,726,72,1,2046.83,3.933,0,11.0,12.3,32,0,0
3647.25,2,0,1340,37,0,2490.54,1.464,0,8.5,3.4,20,1,0
3874.88,18,1,0,7,2,2233.44,1.735,2,76.4,66.1,0,0,1
1574.87,15,0,338,48,1,1036.09,1.52,0,23.6,22.4,39,0,0
14130.74,1,1,17,12,2,2311.37,6.114,0,76.7,55.1,0,1,1
711.48,17,1,108,57,0,2666.53,0.267,2,25.0,9.0,0,0,0
2372.23,8,1,47,35,0,4246.39,0.559,0,5.7,2.9,0,0,0
581.28,19,1,157,17,0,1399.75,0.415,0,46.5,21.0,0,0,0
4142.26,16,0,476,97,0,3332.09,1.243,1,29.1,15.1,15,0,0
5650.63,22,1,151,30,0,3100.9,1.822,0,24.1,1.4,0,0,0
893.92,19,0,841,79,0,2218.71,0.403,1,16.9,15.3,31,0,0
141.01,7,0,809,15,0,3594.02,0.039,0,11.2,2.2,38,0,0
2541.3,22,1,88,1,3,3174.88,0.8,4,79.0,79.4,0,0,1
1702.41,0,0,284,30,0,3289.19,0.518,0,18.0,9.6,10,1,0
12377.92,15,0,394,56,0,2771.63,4.466,0,32.0,22.2,20,0,0
384.48,19,0,559,115,0,3116.14,0.123,0,50.6,20.1,4,0,0
3594.52,5,1,57,5,1,1837.16,1.957,4,70.3,84.7,0,1,1
860.45,20,0,787,40,0,1812.07,0.475,1,14.1,2.1,18,0,0
1821.54,15,0,647,35,0,2308.26,0.789,1,37.0,35.8,7,0,0
1601.45,19,0,371,45,0,469.21,3.413,1,27.1,1.4,29,0,0
1865.16,12,1,76,48,0,3184.3,0.586,1,40.7,15.5,0,0,0
1368.39,6,0,749,22,0,751.99,1.82,1,16.0,18.6,35,0,0
2575.33,10,0,788,115,0,1887.93,1.364,0,16.7,0.6,33,0,0
1689.67,9,1,434,49,0,1924.5,0.878,1,7.3,8.2,0,0,0
2250.17,22,0,426,43,0,3149.02,0.715,0,11.5,9.1,31,0,0
1233.83,16,0,550,55,1,3305.04,0.373,1,19.8,15.6,7,0,0
306.32,23,1,87,66,0,300.0,1.021,0,21.9,7.9,0,1,0
314.69,9,0,783,91,0,659.72,0.477,2,34.1,8.6,31,0,0
219.19,9,1,122,23,0,2038.72,0.108,1,23.0,3.5,0,0,0
935.68,8,0,637,34,0,2414.6,0.388,1,14.3,20.3,1,0,0
369.5,9,0,439,53,0,2783.35,0.133,1,8.4,41.4,11,0,0
393.44,8,0,455,46,0,1324.44,0.297,0,49.2,1.1,34,0,0
5222.47,18,0,443,28,0,1428.49,3.656,0,26.8,7.4,32,0,0
1324.86,17,0,289,65,0,2436.51,0.544,1,14.1,10.3,5,0,0
3287.1,12,1,60,5,1,2890.98,1.137,1,69.6,62.2,0,0,1
207.85,2,0,300,142,1,1313.9,0.158,1,24.2,0.3,21,1,0
1858.58,0,0,421,34,0,468.11,3.97,0,17.8,5.4,25,1,0
835.72,21,0,543,39,0,1758.71,0.475,1,30.5,16.9,34,0,0
8788.44,18,0,578,70,0,2628.56,3.343,0,14.3,17.1,30,0,0
757.02,21,0,813,96,0,2766.57,0.274,2,10.8,31.3,37,0,0
17723.48,22,1,23,4,3,3203.45,5.533,1,62.5,91.3,0,0,1
18629.74,16,0,396,40,0,2594.9,7.179,0,35.7,25.6,28,0,0
6470.49,0,1,135,1,2,2571.31,2.516,3,75.5,83.3,0,1,1
1535.17,9,0,614,23,0,5238.92,0.293,0,29.5,11.0,10,0,0
618.98,14,0,560,38,0,3377.57,0.183,0,41.4,10.4,1,0,0
8960.16,9,0,603,36,0,1017.13,8.809,0,39.4,6.1,33,0,0
16698.49,20,0,710,39,0,2552.38,6.542,0,45.5,12.9,35,0,0
2865.21,6,0,492,18,0,1220.32,2.348,0,8.4,22.5,37,0,0
1408.58,11,1,33,33,1,977.31,1.441,0,15.9,0.6,0,0,0
15579.07,11,0,718,33,0,1780.4,8.75,1,27.6,1.6,24,0,0
1327.92,11,0,1289,74,0,2984.83,0.445,0,25.0,20.5,13,0,0
14310.24,15,1,65,11,1,2122.62,6.742,3,77.1,40.5,0,0,1
16381.08,21,1,63,2,1,1769.35,9.258,7,42.9,72.5,0,0,1
3420.62,14,0,368,109,0,1895.47,1.805,0,44.3,1.6,19,0,0
1139.47,4,0,567,79,0,2186.5,0.521,0,17.7,15.5,32,1,0
3108.84,7,0,269,53,0,1038.79,2.993,4,27.0,7.4,4,0,0
2571.61,16,0,586,33,0,2902.71,0.886,0,7.7,33.3,11,0,1
15879.57,8,0,232,85,0,3246.64,4.891,1,18.4,34.8,40,0,0
2564.97,15,0,425,115,0,2167.89,1.183,0,17.8,46.8,38,0,0
1355.93,16,0,642,52,0,2365.87,0.573,0,14.5,10.4,5,0,1
12481.07,3,0,51,62,0,2212.21,5.642,1,28.6,12.6,57,1,0
644.49,19,0,250,74,0,2430.85,0.265,0,10.7,6.3,10,0,0
5231.24,14,0,439,83,0,1963.18,2.665,0,19.5,1.0,6,0,0
16037.03,0,0,843,166,0,1453.05,11.037,0,20.4,12.5,22,1,0
1343.63,12,1,200,102,0,3228.52,0.416,0,4.4,15.8,0,0,0
2111.45,6,0,542,58,0,2668.86,0.791,3,4.8,0.1,19,0,0
1008.56,9,0,396,63,0,3533.09,0.285,0,27.1,0.7,22,0,0
1569.6,16,0,203,55,0,2578.93,0.609,0,16.6,6.7,35,0,0
8254.75,21,1,125,15,4,2332.84,3.539,4,58.1,49.4,0,0,1
1600.68,7,0,719,35,0,2855.38,0.561,1,27.1,5.7,18,0,0
2965.84,17,0,329,98,0,3193.4,0.929,0,0.5,29.6,20,0,0
1370.73,9,0,276,70,0,1873.15,0.732,0,7.0,4.8,6,0,0
3902.93,22,1,150,148,0,2831.26,1.379,1,8.3,49.7,0,0,0
497.36,11,0,931,24,1,3256.59,0.153,1,22.8,18.2,32,0,0
428.94,7,1,49,19,0,2650.48,0.162,1,13.6,16.5,0,0,0
3551.04,7,1,43,1,1,2042.99,1.738,1,79.7,73.6,0,0,1
12607.82,6,1,53,2,3,2972.38,4.242,1,68.3,59.7,0,0,1
14629.18,17,0,708,128,0,306.27,47.766,0,20.0,2.9,38,0,0
846.79,3,0,379,61,0,2848.92,0.297,0,7.0,2.4,11,1,0
1622.71,0,1,18,4,2,2624.5,0.618,2,14.6,8.3,0,1,1
10102.87,22,1,89,2,2,2970.1,3.402,5,36.7,75.3,0,0,1
1259.65,12,1,13,2,1,1696.32,0.743,5,1.6,8.5,0,0,1
20000.0,23,0,172,1,3,1835.87,10.894,1,54.7,75.3,2,1,1
1459.75,6,1,88,86,0,3522.03,0.414,0,15.8,10.4,0,0,0
871.82,17,1,154,46,2,2727.42,0.32,1,14.4,0.5,0,0,0
4475.98,13,0,639,74,0,300.0,14.92,3,26.2,3.1,17,0,0
746.04,12,0,582,20,0,3197.6,0.233,0,8.7,11.8,17,0,0
744.44,7,0,843,66,0,2522.95,0.295,0,26.8,10.1,34,0,0
1567.07,13,0,560,46,0,3650.54,0.429,1,20.4,1.2,13,0,0
10929.13,18,1,59,12,1,3998.6,2.733,2,83.2,56.8,0,0,1
1558.1,18,1,275,90,0,1595.21,0.977,0,2.9,18.4,0,0,0
135.2,12,0,186,86,0,1723.6,0.078,0,29.3,35.1,28,0,0
1400.84,11,0,439,58,0,1417.75,0.988,0,18.9,35.1,8,0,0
14888.0,17,0,264,51,0,3155.87,4.718,1,13.6,5.2,55,0,0
14441.56,11,1,57,8,2,1969.14,7.334,1,48.0,62.8,0,0,1
8288.35,10,0,501,46,0,3090.53,2.682,1,4.1,4.2,15,0,0
843.41,0,0,350,100,1,1419.87,0.594,0,46.5,6.0,35,1,0
1241.72,4,0,479,48,0,1522.37,0.816,0,37.2,6.9,3,1,0
3773.23,11,0,243,46,0,1181.33,3.194,2,19.6,17.1,25,0,0
3481.15,8,0,359,79,0,2582.96,1.348,1,4.6,7.2,7,0,0
6851.95,23,0,496,44,0,3788.22,1.809,0,20.5,51.9,33,1,0
2088.04,16,0,532,107,0,1489.71,1.402,1,13.3,20.0,32,0,0
3028.44,20,0,444,22,0,1748.51,1.732,1,8.3,11.6,25,0,0
20000.0,11,0,225,8,1,2476.47,8.076,8,55.4,38.4,2,0,1
845.03,21,0,459,51,0,664.26,1.272,0,34.0,9.1,33,0,1
5956.66,16,0,519,88,0,1392.44,4.278,2,7.0,3.4,28,0,0
1057.34,15,0,764,32,0,1559.14,0.678,0,8.6,27.4,34,0,0
16639.78,13,0,350,54,0,2740.87,6.071,0,49.7,12.7,55,0,0
1821.92,18,0,290,65,0,3813.08,0.478,2,40.1,11.4,30,0,0
15596.2,19,0,402,138,0,1729.87,9.016,0,33.4,7.7,48,0,0
663.87,10,0,1135,56,0,3232.35,0.205,0,14.3,3.2,28,0,0
8495.83,4,0,675,41,0,2341.86,3.628,2,17.8,4.1,18,1,0
3389.33,20,0,544,80,0,2056.43,1.648,1,27.5,18.3,29,0,0
359.36,9,0,606,106,0,2664.9,0.135,0,0.9,2.2,11,0,0
814.06,21,0,438,104,0,4503.76,0.181,0,9.3,7.2,27,0,1
1924.58,6,0,543,68,0,2285.59,0.842,0,30.5,10.2,23,0,0
1643.92,14,1,89,89,0,2830.11,0.581,0,18.4,7.4,0,0,0
2835.52,5,0,561,45,0,1639.01,1.73,2,20.9,0.7,37,1,0
3178.23,11,0,369,55,0,2595.08,1.225,1,53.4,3.7,29,0,0
1114.1,20,0,786,81,0,1786.12,0.624,0,14.5,10.2,15,0,0
1304.84,6,0,575,53,0,2882.91,0.453,1,22.6,3.0,23,0,0
16466.05,21,0,686,130,0,2728.96,6.034,0,6.0,13.1,19,0,0
2065.45,21,1,49,59,1,2133.61,0.968,0,8.0,9.8,0,0,1
441.33,21,1,86,43,0,1360.9,0.324,0,35.4,9.3,0,0,0
8237.76,19,1,229,70,1,1009.19,8.163,1,42.6,4.3,0,0,0
15546.57,17,0,306,62,0,2446.39,6.355,0,6.3,12.9,50,0,0
4325.4,11,0,539,80,0,1506.86,2.87,0,17.4,9.5,12,0,0
2097.76,6,0,461,84,0,1258.07,1.667,0,9.5,1.3,12,0,0
2190.0,10,0,497,146,0,2183.85,1.003,0,26.9,23.4,37,0,0
5143.21,10,1,106,35,0,3327.16,1.546,0,58.0,12.0,0,0,0
6126.9,17,0,284,43,0,1713.8,3.575,2,25.6,20.0,28,0,0
1221.96,11,1,73,121,0,2949.81,0.414,0,26.5,17.4,0,0,0
20000.0,16,1,27,2,2,2396.05,8.347,2,89.5,58.0,0,0,1
172.21,10,1,168,107,0,2938.64,0.059,2,15.0,9.3,0,0,0
2242.62,3,0,390,27,1,2328.38,0.963,1,65.5,18.3,1,1,1
19859.31,22,0,387,63,0,1701.22,11.674,0,17.9,29.4,47,0,0
704.54,22,0,263,128,0,1025.92,0.687,0,7.1,1.5,6,0,0
1089.41,3,0,620,56,0,2726.68,0.4,2,22.6,3.6,34,1,0
753.05,19,1,102,71,0,3482.52,0.216,1,11.6,1.5,0,0,0
534.22,16,0,367,47,1,2504.21,0.213,0,45.7,0.6,24,0,0
1597.63,21,0,914,93,0,1366.63,1.169,1,12.9,7.6,27,0,0
5253.63,18,0,986,87,0,3764.49,1.396,0,13.3,9.6,12,0,0
523.92,6,0,504,55,0,1602.85,0.327,2,6.2,21.6,8,0,0
1482.44,8,0,405,44,0,2553.1,0.581,2,10.5,15.7,26,0,0
20000.0,22,1,4,1,1,2381.73,8.397,1,85.5,59.5,0,0,1
431.52,20,0,672,54,1,1528.01,0.282,2,27.2,4.0,17,0,0
2380.93,10,0,365,76,0,2119.46,1.123,1,14.0,1.8,34,0,0
1650.92,1,0,142,5,5,1514.75,1.09,6,3.3,9.4,0,1,1
2184.13,20,0,1112,102,0,1730.37,1.262,1,2.6,2.9,24,0,0
7427.71,2,0,128,13,0,1856.82,4.0,1,2.2,19.0,28,1,0
826.64,16,1,31,88,0,2249.53,0.367,0,35.3,12.4,0,0,0
5206.07,11,0,530,50,1,2692.31,1.934,1,13.6,4.7,9,0,0
1293.77,10,1,198,65,0,2621.72,0.493,0,9.5,14.8,0,0,0
978.84,6,0,580,61,0,2929.55,0.334,0,45.4,38.1,29,0,0
591.88,23,1,259,55,0,300.0,1.973,0,7.5,9.9,0,1,1
3634.94,13,1,171,98,0,3119.66,1.165,1,7.4,10.5,0,0,0
2108.63,3,1,268,85,0,2864.27,0.736,2,2.9,2.0,0,1,0
6307.85,4,1,130,11,5,3160.73,1.996,3,66.2,38.7,0,1,1
1160.43,8,0,775,89,0,2297.92,0.505,1,7.1,4.2,37,0,0
325.33,12,1,320,39,0,2237.11,0.145,2,5.3,7.6,0,0,0
741.08,5,0,187,110,0,2962.52,0.25,2,16.6,0.5,22,1,0
2216.52,21,1,325,67,1,3287.15,0.674,0,31.5,9.0,0,0,0
6879.54,17,0,762,24,0,3067.25,2.243,2,14.8,8.4,12,0,0
20000.0,0,1,98,7,1,1869.2,10.7,2,27.9,77.2,0,1,1
3390.06,12,1,25,55,0,2797.93,1.212,0,14.2,3.1,0,0,0
1517.29,15,1,124,32,0,3710.47,0.409,0,32.9,8.7,0,0,0
2405.43,2,0,541,61,0,2737.4,0.879,0,35.6,48.6,1,1,0
2934.88,4,1,25,24,2,991.92,2.959,5,38.4,60.3,0,1,1
814.24,12,1,38,100,0,2155.44,0.378,1,13.3,2.0,0,0,0
3447.14,10,1,249,46,0,4713.57,0.731,0,0.8,5.7,0,0,0
2194.71,20,1,33,26,0,1978.42,1.109,0,0.2,2.1,0,0,0
3848.26,6,1,142,105,0,4355.58,0.884,0,46.0,39.3,0,0,0
2598.3,5,0,621,97,1,2543.42,1.022,1,4.2,9.1,37,1,1
2952.83,9,1,133,59,0,2338.76,1.263,0,14.6,1.4,0,0,0
2275.58,11,0,418,19,5,3055.31,0.745,3,2.5,9.7,1,0,1
1240.41,22,0,844,44,0,4420.43,0.281,0,1.7,10.5,29,0,0
732.86,4,0,381,78,0,1654.51,0.443,0,26.7,6.7,17,1,0
2532.67,13,0,547,97,0,2686.12,0.943,2,9.7,0.3,7,0,0
938.64,8,0,285,94,0,1969.96,0.476,0,36.8,30.5,31,0,0
14191.8,21,0,562,40,0,2050.04,6.923,0,43.9,14.0,3,0,0
957.71,20,0,382,118,1,2600.42,0.368,0,24.1,7.8,6,0,0
548.39,5,1,118,108,0,2343.97,0.234,1,1.4,1.0,0,1,0
17153.74,14,0,329,9,0,2110.74,8.127,1,39.7,6.5,45,0,0
1024.92,16,0,497,40,0,2071.08,0.495,1,47.4,34.9,9,0,0
379.54,20,0,358,94,0,4269.94,0.089,0,19.0,29.6,3,0,0
521.99,7,0,519,34,0,3475.04,0.15,0,2.3,7.3,9,0,0
1670.03,20,0,412,63,0,3018.48,0.553,0,41.8,20.1,14,0,0
720.75,11,0,486,47,0,1653.63,0.436,0,30.9,14.3,24,0,0
9975.76,12,0,765,47,0,2310.81,4.317,2,13.0,3.5,26,0,0
7371.88,7,0,269,92,0,2306.39,3.196,0,53.7,12.4,9,0,0
5976.36,15,1,65,3,0,2304.07,2.594,3,61.2,40.1,0,0,1
9800.6,17,0,676,64,0,2799.28,3.501,0,52.8,25.1,33,0,0
5688.64,5,1,58,5,1,3099.16,1.836,0,80.5,32.1,0,1,1
677.15,6,0,812,104,1,1561.2,0.434,1,21.5,17.4,16,0,0
1121.0,18,0,695,129,0,1728.31,0.649,1,9.6,2.0,11,0,0
3479.77,19,1,133,42,0,3577.72,0.973,1,11.7,10.1,0,0,0
1989.33,5,1,129,50,0,3519.0,0.565,2,19.6,18.9,0,1,0
513.39,0,1,19,5,3,2907.26,0.177,0,1.9,5.2,0,1,1
329.75,19,0,750,74,0,2385.38,0.138,2,16.8,13.2,8,0,0
1459.44,18,0,539,62,0,1900.91,0.768,2,6.3,14.0,5,0,0
1805.33,10,1,61,5,2,512.41,3.523,2,1.9,11.4,0,0,1
392.45,21,1,97,87,0,300.0,1.308,0,23.8,20.5,0,0,0
507.8,20,0,295,27,0,1989.67,0.255,1,16.3,1.4,17,0,0
1592.77,18,1,46,32,2,4017.57,0.396,2,35.9,20.3,0,0,0
10665.32,9,1,98,99,0,2237.47,4.767,2,28.5,14.5,0,0,0
915.15,16,0,430,58,0,1543.43,0.593,1,8.6,7.4,27,0,0
9282.82,20,0,234,6,0,1294.99,7.168,4,71.5,55.7,3,0,0
3503.95,15,1,27,3,1,1807.74,1.938,1,78.3,86.8,0,0,1
20000.0,0,1,45,0,2,4390.5,4.555,2,47.3,46.4,0,1,1
2153.3,19,1,68,13,4,1988.53,1.083,5,74.8,69.5,0,0,1
2051.85,10,0,201,62,0,1628.79,1.26,1,17.0,5.6,3,0,0
5895.18,15,0,292,117,0,1930.76,3.053,1,8.8,5.4,7,0,0
17929.01,19,0,68,34,0,1265.23,14.171,0,0.4,13.2,17,0,0
1677.2,5,0,266,21,4,964.88,1.738,3,89.5,60.4,1,1,1
589.02,2,1,54,1,1,3798.93,0.155,5,2.0,4.1,0,1,1
1405.56,23,1,50,48,0,2026.41,0.694,0,32.7,15.1,0,1,0
1579.48,17,0,402,144,0,1938.8,0.815,0,33.7,38.8,1,0,0
506.48,22,1,185,60,0,3057.19,0.166,0,5.7,4.0,0,0,0
6490.96,19,0,292,49,0,2055.21,3.158,1,7.7,24.1,7,0,0
1251.34,13,1,54,45,0,1930.4,0.648,0,20.5,4.9,0,0,1
4014.81,21,0,665,72,0,4672.04,0.859,0,32.1,5.0,1,0,0
3647.62,11,1,133,38,0,1395.24,2.614,0,30.3,8.0,0,0,0
3942.8,16,1,18,10,2,2506.6,1.573,1,83.2,50.1,0,0,1
380.3,8,0,684,39,0,2727.72,0.139,1,14.8,2.5,25,0,0
1143.49,5,0,505,27,0,3373.47,0.339,3,62.2,4.0,20,1,0
1840.26,14,0,627,49,0,3643.46,0.505,0,9.1,5.6,14,0,0
2268.81,17,0,130,42,0,2209.91,1.027,0,26.9,10.3,34,0,0
493.2,21,1,25,108,0,2390.7,0.206,0,9.0,6.9,0,0,0
2483.64,15,0,606,37,0,2873.18,0.864,1,53.6,12.7,33,0,0
5700.25,12,0,451,88,0,3013.83,1.891,1,13.0,5.0,11,0,0
1320.39,16,1,367,30,0,2965.48,0.445,0,4.3,35.0,0,0,1
6178.45,18,0,1079,82,0,604.17,10.226,0,6.3,7.8,7,0,1
1456.38,10,0,406,49,0,2130.42,0.684,0,7.2,12.6,6,0,0
5455.32,6,1,15,14,1,2461.36,2.216,0,74.6,39.2,0,0,1
881.09,14,0,465,59,0,682.74,1.291,2,2.2,7.4,22,0,0
1889.95,7,1,71,34,3,1454.65,1.299,4,9.3,0.9,0,0,1
5261.18,6,0,608,34,0,2674.79,1.967,1,24.1,36.7,21,0,0
312.11,11,0,378,39,0,811.92,0.384,0,12.5,2.9,28,0,0
1276.16,10,1,24,71,0,2491.79,0.512,2,28.3,8.3,0,0,0
1334.5,18,1,42,90,0,2354.88,0.567,1,35.8,2.7,0,0,0
475.64,7,1,95,85,0,1900.43,0.25,2,30.3,9.7,0,0,0
5153.13,16,0,414,70,0,3286.5,1.568,0,29.9,15.8,6,0,0
605.6,17,1,50,53,0,602.32,1.005,2,34.3,2.4,0,0,0
2672.25,9,0,412,63,0,1103.91,2.421,2,19.6,13.2,19,0,0
9177.59,5,0,126,1,2,1388.92,6.608,5,61.3,81.6,2,1,1
8305.03,18,1,29,20,2,1956.56,4.245,1,57.4,63.7,0,0,1
600.8,6,0,540,24,0,3084.2,0.195,1,11.8,6.1,19,0,0
735.9,18,1,385,49,0,3047.3,0.241,1,9.7,1.9,0,0,0
2396.73,8,1,77,124,1,3366.3,0.712,1,6.7,14.5,0,0,0
2929.98,7,0,612,43,0,979.52,2.991,1,48.6,8.3,17,0,0
1073.72,4,0,406,121,0,3316.82,0.324,1,9.2,5.9,13,1,0
2819.25,11,1,158,48,0,1196.72,2.356,0,13.0,3.0,0,0,0
633.17,6,1,206,61,0,2214.03,0.286,0,12.7,8.8,0,0,0
2394.08,19,0,514,112,0,1673.56,1.431,3,14.1,9.7,1,0,0
1370.63,10,1,174,46,0,2350.87,0.583,1,27.0,11.1,0,0,0
5054.76,2,1,120,5,3,839.35,6.022,4,70.9,26.3,0,1,1
1359.29,19,0,1128,52,0,2080.46,0.653,0,4.8,5.6,2,0,0
893.72,14,1,38,72,0,1665.93,0.536,0,26.6,21.6,0,0,0
1052.63,3,1,150,98,0,3025.13,0.348,1,10.7,8.8,0,1,0
5453.71,16,0,942,38,0,3452.71,1.58,0,12.7,2.9,13,0,0
6794.33,1,1,119,2,2,2020.2,3.363,1,58.3,64.3,0,1,1
1010.16,23,1,78,4,3,2302.32,0.439,5,7.5,1.2,0,1,1
459.13,11,0,220,71,1,1763.72,0.26,0,16.9,10.0,28,0,0
230.9,21,0,512,44,0,2380.76,0.097,1,7.4,6.4,29,0,0
1246.48,1,0,254,80,2,2961.61,0.421,2,28.1,30.3,13,1,0
1165.34,1,1,60,57,0,3065.77,0.38,0,37.3,15.7,0,1,0
806.9,17,0,473,46,0,2169.37,0.372,1,42.0,13.0,23,0,0
12214.38,11,0,447,5,2,3749.22,3.258,4,39.3,41.5,1,0,1
795.07,18,1,99,63,0,2098.54,0.379,0,49.4,10.3,0,0,0
2056.37,19,0,342,63,0,3275.75,0.628,1,23.4,19.3,30,0,0
329.29,11,0,585,22,0,2954.99,0.111,0,37.1,10.2,11,0,0
2495.97,6,0,570,55,0,3564.3,0.7,0,32.9,3.5,29,0,0
2954.28,17,1,13,50,0,1706.91,1.731,1,6.4,8.3,0,0,0
267.79,23,0,772,73,0,2002.57,0.134,0,34.5,1.5,11,1,0
4545.33,8,0,740,68,0,2122.26,2.142,0,23.3,15.0,39,0,0
2050.77,12,1,48,41,0,1784.8,1.149,1,30.0,8.6,0,0,0
1970.8,14,0,416,24,0,3916.29,0.503,1,15.0,4.8,38,0,0
1225.83,10,0,661,42,0,3747.15,0.327,1,30.6,8.1,35,0,0
3537.89,23,0,565,68,0,1730.81,2.044,1,9.4,9.5,6,1,0
2011.96,8,0,908,35,0,1181.45,1.703,1,14.3,17.7,9,0,0
9123.97,20,0,606,61,0,1160.85,7.86,3,4.9,11.9,6,0,0
856.25,15,0,372,109,1,2587.67,0.331,0,33.8,13.6,37,0,0
798.38,18,1,267,82,0,1674.96,0.477,1,13.0,20.7,0,0,0
4965.36,11,0,499,130,0,2929.07,1.695,1,7.7,6.4,25,0,0
1107.37,18,0,829,63,0,3661.07,0.302,0,13.5,11.8,17,0,0
10764.14,15,0,932,17,0,1421.74,7.571,0,39.5,11.3,39,0,0
2037.31,12,1,22,7,2,1120.82,1.818,0,0.8,14.1,0,0,1
620.14,15,1,288,138,0,492.44,1.259,1,22.9,1.6,0,0,0
13679.91,8,0,344,81,0,2749.93,4.975,2,3.8,21.8,31,0,0
997.73,4,1,46,70,0,3100.81,0.322,1,18.4,4.6,0,1,0
1470.81,10,0,433,48,0,2729.25,0.539,1,9.2,21.8,10,0,0
3027.69,19,0,551,86,0,3045.87,0.994,1,27.1,14.9,14,0,0
2008.25,10,0,207,126,0,3995.12,0.503,1,51.1,5.9,4,0,0
4228.92,11,0,597,58,0,823.95,5.132,0,48.5,19.4,13,0,0
726.26,0,0,448,84,0,3476.04,0.209,2,13.4,8.0,18,1,0
1866.16,8,1,12,66,0,2018.45,0.925,1,22.4,26.2,0,0,0
1388.93,22,1,97,17,0,3406.72,0.408,1,43.9,5.2,0,0,0
2398.86,21,0,669,86,0,3043.47,0.788,0,4.9,32.3,24,0,0
812.98,8,0,632,53,0,3828.8,0.212,0,13.4,1.5,3,0,0
1903.9,17,0,447,31,1,4178.7,0.456,0,27.2,28.8,10,0,0
2095.36,23,0,353,9,2,2921.6,0.717,2,52.2,41.5,0,1,1
682.7,12,0,565,85,0,3565.59,0.191,0,33.2,8.6,21,0,0
426.11,21,0,284,44,0,1991.17,0.214,1,10.5,14.9,13,0,0
5765.81,15,0,773,38,0,1648.58,3.497,1,11.8,5.4,11,0,0
1226.76,22,0,486,21,0,1821.26,0.674,1,22.4,10.5,36,0,0
4570.67,19,0,332,95,0,2799.43,1.633,0,23.1,10.5,8,0,0
16113.61,17,0,23,80,0,2121.71,7.595,0,5.0,15.8,32,0,0
663.56,17,0,182,64,0,3234.62,0.205,2,16.7,23.1,39,0,0
6101.84,23,1,67,5,2,2605.51,2.342,1,91.9,79.2,0,1,1
1592.63,20,1,344,58,0,3879.17,0.411,2,11.1,36.2,0,0,0
20000.0,16,0,312,5,1,3071.64,6.511,2,78.7,80.9,1,0,1
1175.9,11,0,403,70,0,1933.62,0.608,1,2.9,14.5,8,0,1
3923.77,5,1,60,28,2,1333.06,2.943,0,78.7,60.8,0,1,1
1129.47,14,1,255,35,0,1467.62,0.77,1,8.5,22.9,0,0,0
2144.87,8,0,350,73,0,2024.13,1.06,0,11.3,4.1,13,0,0
1793.86,17,0,404,90,0,1685.57,1.064,1,6.6,4.7,16,0,0
16961.36,23,1,18,31,0,2734.41,6.203,6,86.5,51.6,0,1,1
1099.43,22,0,386,46,0,2998.93,0.367,3,9.9,14.2,31,0,0
20000.0,5,1,61,19,1,3690.95,5.419,0,86.7,69.9,0,1,1
4084.61,13,0,514,80,0,945.3,4.321,1,28.7,12.5,22,0,0
1723.41,20,0,267,45,1,2538.6,0.679,0,40.5,4.2,1,0,0
915.68,9,1,230,38,0,2194.2,0.417,1,16.6,0.6,0,0,0
2821.4,17,0,457,70,0,886.37,3.183,0,54.5,7.3,7,0,0
20000.0,22,1,62,11,0,1276.78,15.664,4,88.8,47.5,0,0,1
6907.64,22,0,532,69,0,3297.66,2.095,0,10.9,4.3,15,0,0
654.35,6,0,756,26,0,3192.51,0.205,1,6.0,3.5,15,0,0
580.3,0,0,264,74,0,3859.1,0.15,2,44.4,6.1,18,1,0
3624.38,6,0,547,81,0,802.78,4.515,2,29.2,8.9,20,0,0
1908.86,16,1,123,90,0,1891.49,1.009,0,2.2,2.2,0,0,0
385.25,19,0,277,51,0,1181.46,0.326,0,8.4,0.7,10,0,0
2780.41,13,0,525,53,0,1256.39,2.213,1,1.7,12.3,28,0,0
282.64,11,1,130,36,0,3007.59,0.094,0,25.4,24.7,0,0,1
1718.07,11,0,279,43,0,2917.14,0.589,0,21.6,3.3,6,0,0
2393.59,20,0,569,76,0,1300.95,1.84,0,16.9,35.4,22,0,0
896.02,18,0,810,61,0,1457.95,0.615,2,16.1,26.8,30,0,0
10718.98,11,1,36,3,1,686.17,15.621,0,71.9,11.2,0,0,1
5971.67,14,0,272,28,0,2711.74,2.202,2,20.4,20.6,37,0,0
1530.02,21,0,587,81,0,2658.36,0.576,1,38.0,9.1,27,0,0
122.05,11,0,680,13,0,3393.83,0.036,0,7.3,9.5,10,0,0
240.71,16,0,863,27,0,3168.99,0.076,0,10.2,4.3,23,0,0
904.12,0,1,230,72,0,3346.82,0.27,0,8.5,25.9,0,1,0
6962.35,1,1,97,8,1,1219.59,5.709,1,72.4,84.2,0,1,1
4637.41,10,0,1173,72,0,3368.77,1.377,1,2.5,0.6,25,0,0
363.58,12,1,96,46,0,2434.99,0.149,1,9.0,3.7,0,0,0
2135.23,16,0,519,60,0,1503.53,1.42,2,12.4,4.1,7,0,0
15989.6,12,0,19,27,0,2753.24,5.808,1,17.0,9.0,39,0,0
5868.19,22,1,182,41,0,2473.29,2.373,0,25.4,12.6,0,0,0
775.01,9,0,1302,46,0,654.63,1.184,0,34.7,24.6,31,0,0
2792.51,22,0,361,87,1,1287.8,2.168,1,15.9,25.8,21,0,0
5082.61,13,1,99,39,0,2439.31,2.084,0,1.7,9.4,0,0,0
288.93,7,0,336,104,0,2846.85,0.101,0,19.4,23.9,18,0,0
968.88,8,0,690,54,0,2832.43,0.342,0,4.6,4.5,17,0,0
1518.88,6,0,1071,60,0,2760.61,0.55,0,6.5,15.5,10,0,0
5386.66,5,0,578,31,0,3086.55,1.745,1,24.6,10.9,23,1,0
19647.14,3,0,885,75,0,3108.48,6.32,0,18.1,2.4,25,1,0
7245.53,2,0,587,27,0,2322.43,3.12,1,40.8,34.6,26,1,0
4730.16,22,0,915,34,0,1417.9,3.336,1,9.9,2.0,6,0,0
1724.95,6,0,535,43,0,1897.79,0.909,0,22.3,1.7,21,0,0
20000.0,22,1,44,0,1,1659.35,12.053,3,74.2,80.8,0,0,1
729.2,4,1,180,7,0,2739.62,0.266,2,16.6,1.5,0,1,1
2956.37,14,0,428,104,0,1762.91,1.677,0,37.4,5.1,1,0,0
1960.41,13,0,211,40,0,883.52,2.219,0,12.1,7.9,2,0,0
4168.88,12,0,707,23,0,3718.73,1.121,1,51.0,1.7,39,0,0
2193.27,15,0,551,51,0,2775.0,0.79,1,21.2,10.6,9,0,0
1628.14,4,0,540,91,0,1189.42,1.369,2,21.8,13.5,37,1,0
3843.92,4,0,615,54,0,2419.35,1.589,1,32.2,3.7,23,1,0
10788.99,4,1,20,1,1,2705.55,3.988,6,82.8,51.0,0,1,1
7464.66,17,0,574,36,0,2409.07,3.099,1,12.9,8.2,35,0,0
4837.39,11,1,60,16,1,2734.56,1.769,0,5.0,2.4,0,0,0
1797.79,15,0,508,3,2,2939.06,0.612,2,16.1,12.1,3,0,1
5807.08,12,0,616,21,0,2469.22,2.352,0,21.8,36.3,25,0,0
1790.26,19,1,108,127,0,1322.69,1.353,1,14.9,18.4,0,0,0
4241.18,8,0,1238,61,0,3561.05,1.191,0,12.7,9.7,30,0,1
3816.28,17,0,308,102,0,3977.87,0.959,0,5.7,16.9,19,0,1
1096.57,11,1,21,25,0,2520.55,0.435,0,0.4,22.7,0,0,0
5721.87,6,1,38,2,2,2131.45,2.684,3,62.2,22.1,0,0,1
20000.0,22,0,251,7,0,2632.52,7.597,2,64.2,24.7,1,0,1
1417.89,5,0,494,56,0,1947.05,0.728,0,6.9,3.1,3,1,0
4315.73,14,0,346,83,0,3603.1,1.198,1,26.1,7.1,11,0,0
2195.75,7,0,389,63,1,606.39,3.621,0,9.7,1.9,20,0,0
1139.93,20,0,425,63,0,2931.04,0.389,1,0.7,12.4,23,0,0
13259.96,9,0,381,41,0,2910.95,4.555,0,36.5,7.9,29,0,0
14221.09,23,1,48,28,2,3079.43,4.618,2,37.9,67.4,0,1,1
6347.28,6,0,523,70,0,2910.44,2.181,1,26.5,22.4,28,0,0
633.39,6,0,492,97,0,1332.99,0.475,0,0.3,30.1,36,0,0
2026.87,10,0,170,95,0,2075.68,0.976,0,2.1,5.0,26,0,0
12600.94,10,1,343,83,0,4314.32,2.921,0,27.0,16.0,0,0,0
8719.92,10,0,331,35,0,1718.98,5.073,0,13.4,0.2,3,0,0
825.63,4,0,613,46,0,3383.37,0.244,0,26.4,25.3,20,1,0
7677.86,5,1,8,12,1,3320.71,2.312,5,75.1,21.7,0,1,1
3561.24,14,1,122,66,0,3447.9,1.033,1,6.6,8.5,0,0,0
2745.9,16,1,201,19,0,3404.64,0.807,1,10.2,3.7,0,0,0
5629.82,18,0,472,43,0,1340.21,4.201,1,53.8,1.8,7,0,0
1179.95,13,0,373,60,1,1935.36,0.61,3,9.8,9.0,35,0,0
1429.11,12,0,610,40,0,1445.79,0.988,2,11.1,13.0,3,0,0
14135.84,15,0,168,4,3,2815.95,5.02,2,97.1,71.9,0,0,1
3582.02,14,0,840,18,0,2983.1,1.201,1,34.4,16.7,9,0,1
2037.37,23,0,390,72,0,3657.06,0.557,0,45.2,4.0,18,1,0
5403.67,4,1,32,1,5,3217.57,1.679,2,76.7,57.4,0,1,1
19750.45,10,1,146,9,6,3534.3,5.588,4,89.5,64.2,0,0,1
645.57,8,0,704,30,0,1918.84,0.336,1,7.2,27.5,29,0,0
145.67,14,0,310,16,0,2529.76,0.058,0,20.2,12.3,23,0,0
1059.56,18,0,1150,71,0,2691.5,0.394,0,4.4,28.6,11,0,0
910.66,19,1,18,79,0,3629.49,0.251,2,2.0,11.1,0,0,0
591.73,11,1,39,47,0,3591.0,0.165,1,16.8,0.7,0,0,0
1008.89,18,0,217,108,0,1910.83,0.528,0,21.8,23.4,11,0,0
3062.7,17,1,105,15,0,3745.75,0.818,4,25.3,13.0,0,0,0
1035.72,18,1,142,42,0,2156.08,0.48,0,18.4,6.1,0,0,0
8954.18,18,0,438,70,0,2002.67,4.471,0,12.4,11.9,15,0,0
3928.73,8,0,289,73,0,2117.19,1.856,0,24.4,19.8,19,0,0
2130.03,13,0,657,88,0,2240.64,0.951,0,23.0,24.4,22,0,0
3377.3,16,0,525,102,0,1822.06,1.854,2,9.7,7.5,19,0,0
5719.9,8,1,86,1,6,2613.16,2.189,5,55.8,31.9,0,0,1
4723.69,14,0,477,46,0,2197.07,2.15,3,2.5,40.0,4,0,0
984.61,10,1,58,119,0,1933.19,0.509,1,32.4,16.0,0,0,0
704.84,1,0,1081,52,0,2204.73,0.32,2,2.4,32.6,15,1,0
740.56,16,0,551,57,1,2801.03,0.264,2,20.2,0.9,13,0,0
1602.78,21,1,216,149,0,3001.57,0.534,0,11.3,7.7,0,0,0
1178.27,3,0,706,20,0,2897.48,0.407,1,20.6,15.7,23,1,0
879.97,21,1,95,58,0,2766.46,0.318,2,5.8,2.9,0,0,0
991.8,21,0,761,28,1,2709.88,0.366,0,20.2,3.9,7,0,0
3010.22,21,0,737,97,0,3599.4,0.836,1,13.6,15.6,1,0,0
2174.69,12,0,399,34,0,300.0,7.249,1,30.6,32.0,21,0,0
9582.2,4,1,148,12,5,2407.72,3.98,2,95.4,73.1,0,1,1
6499.17,21,0,481,18,0,2739.18,2.373,0,26.6,19.8,32,0,0
1138.41,8,0,692,66,1,3695.91,0.308,2,11.2,12.8,11,0,0
354.73,1,0,612,37,1,3104.57,0.114,0,12.7,55.3,15,1,0
527.9,16,0,404,51,0,2321.61,0.227,0,11.7,2.3,5,0,0
5152.59,1,1,8,3,4,1554.54,3.315,3,69.1,52.2,0,1,1
3268.99,10,0,607,51,0,2012.77,1.624,1,16.0,10.2,10,0,0
1436.06,10,0,669,54,0,3333.29,0.431,1,38.6,12.6,2,0,0
1493.56,16,0,549,45,0,1384.2,1.079,0,2.6,10.0,30,0,0
412.73,20,0,1097,64,0,3286.57,0.126,0,8.4,7.4,18,0,0
3269.86,15,0,360,65,0,2993.96,1.092,1,33.0,5.8,26,0,0
17472.83,23,0,368,1,1,1323.74,13.2,3,73.9,77.1,1,1,1
744.98,15,0,445,107,0,2843.76,0.262,2,18.9,30.1,18,0,0
3092.11,21,0,514,129,0,3322.67,0.931,0,7.6,1.0,5,0,0
4279.53,9,1,117,71,0,375.35,11.402,0,1.6,19.2,0,0,0
12146.0,13,1,17,72,0,1946.5,6.24,1,30.8,3.8,0,0,0
1627.11,15,0,512,61,0,3621.28,0.449,0,33.7,10.0,14,0,0
4835.47,22,0,430,99,0,300.0,16.118,5,14.5,9.2,5,0,0
2472.95,22,0,449,70,0,1026.64,2.409,0,10.0,4.7,12,0,0
403.47,8,0,561,18,0,2708.39,0.149,0,13.4,13.6,25,0,0
694.67,13,0,324,43,0,1983.55,0.35,0,19.3,5.7,32,0,0
3271.33,13,0,471,120,0,2226.88,1.469,1,27.2,28.1,21,0,0
3058.74,12,0,295,84,0,2238.31,1.367,2,23.5,19.0,13,0,0
1941.37,6,0,814,75,0,2843.49,0.683,0,12.3,2.2,33,0,0
630.95,8,0,515,135,0,1573.26,0.401,2,13.9,23.2,18,0,0
1612.33,7,0,1018,51,0,3144.95,0.513,0,29.8,29.5,21,0,0
2177.75,6,0,974,91,0,1570.47,1.387,0,16.0,28.5,21,0,1
228.66,21,1,50,55,0,1649.34,0.139,0,28.2,9.6,0,0,0
900.43,3,1,359,17,2,2353.63,0.383,2,4.4,6.3,0,1,1
3607.18,22,0,1545,33,0,2007.56,1.797,1,29.7,8.2,37,0,0
1419.18,18,1,103,65,0,1401.58,1.013,2,63.3,10.5,0,0,1
292.41,9,0,565,75,0,3272.57,0.089,1,14.0,27.1,8,0,0
2047.59,6,0,295,28,0,2933.65,0.698,0,15.3,20.9,13,0,0
1914.66,4,1,178,16,3,3210.43,0.596,1,3.0,4.7,0,1,1
2256.96,20,0,950,44,0,2657.7,0.849,0,7.0,42.4,24,0,0
315.46,16,0,855,56,0,3606.4,0.087,2,24.9,16.0,18,0,0
919.66,23,0,763,23,0,2648.58,0.347,2,18.4,19.3,15,1,0
3236.37,15,0,405,44,0,3640.21,0.889,2,27.9,11.8,5,0,0
4735.6,14,0,600,101,0,2288.14,2.07,0,28.1,8.0,14,0,0
370.02,10,0,802,32,0,746.83,0.495,2,5.8,1.8,39,0,0
1165.76,4,0,597,48,1,2655.9,0.439,1,6.6,60.0,18,1,0
1644.99,19,0,759,36,0,1150.52,1.43,0,42.2,13.0,17,0,0
8612.56,18,1,83,9,2,2813.97,3.061,2,87.0,8.9,0,0,1
1377.92,10,0,751,67,0,300.0,4.593,0,4.8,13.5,25,0,0
626.24,10,0,283,103,0,4034.78,0.155,1,12.4,36.4,1,0,1
1265.26,8,0,382,63,2,823.98,1.536,2,39.1,14.8,15,0,0
2978.12,11,0,507,54,0,2773.54,1.074,1,4.7,5.8,20,0,0
811.82,15,0,648,83,0,3041.49,0.267,1,11.9,12.8,2,0,0
20000.0,23,1,160,12,3,1833.25,10.91,2,60.0,60.5,0,1,1
2655.71,18,0,196,23,0,2028.58,1.309,1,14.8,7.2,25,0,0
181.72,22,0,427,97,0,1114.68,0.163,1,33.1,15.9,35,0,0
12773.91,3,1,88,7,0,3056.0,4.18,1,86.6,79.7,0,1,1
4312.03,3,0,234,83,0,3198.88,1.348,3,23.4,9.6,7,1,1
14420.8,4,0,520,4,0,2204.96,6.54,6,46.7,68.8,1,1,1
1315.04,8,0,823,65,0,2884.33,0.456,0,27.8,21.7,15,0,0
2215.08,4,0,459,54,0,1781.71,1.243,2,30.1,3.0,20,1,0
450.06,6,0,315,160,0,1644.62,0.274,1,31.9,2.6,20,0,0
1766.09,9,1,23,37,0,3236.1,0.546,2,13.9,2.5,0,0,0
889.28,20,0,576,69,0,2832.34,0.314,1,5.7,23.5,32,0,0
990.42,21,0,492,103,0,2636.11,0.376,0,19.7,13.5,36,0,0
6906.91,4,1,318,55,0,638.63,10.815,0,9.8,0.7,0,1,0
1470.58,6,0,616,49,0,3274.3,0.449,0,27.6,13.5,34,0,0
18168.22,2,1,35,0,1,1064.29,17.071,3,62.2,76.6,0,1,1
785.7,6,0,649,119,0,3064.41,0.256,1,14.1,18.3,12,0,0
3758.33,1,1,528,97,0,1887.74,1.991,1,40.4,20.3,0,1,0
240.02,2,0,230,41,0,1931.56,0.124,3,39.6,20.2,23,1,0
1032.32,2,0,671,78,0,2441.13,0.423,0,15.5,4.9,37,1,1
346.46,0,0,491,50,0,2479.41,0.14,2,1.8,11.1,38,1,0
3865.03,7,0,581,98,0,300.0,12.883,1,32.7,8.9,28,0,0
2336.1,17,0,796,57,0,1916.48,1.219,2,27.5,0.3,20,0,0
1460.83,15,0,758,66,0,2448.83,0.597,0,31.9,3.8,37,0,0
10007.2,0,1,50,2,1,4104.59,2.438,2,95.1,47.5,0,1,1
1306.94,20,0,143,93,0,1744.71,0.749,1,17.6,14.2,12,0,0
6934.27,16,0,398,36,0,1505.26,4.607,0,31.4,30.8,3,0,1
1969.22,12,0,348,50,0,300.0,6.564,1,29.5,3.7,5,0,0
2136.93,11,0,780,52,0,1067.83,2.001,0,24.6,0.7,2,0,0
5203.85,16,0,248,84,1,2562.47,2.031,1,8.4,0.3,35,0,0
234.33,5,0,964,76,0,1211.44,0.193,1,18.3,1.7,37,1,0
6198.43,22,1,127,12,2,1562.84,3.966,6,63.9,64.5,0,0,1
541.28,18,0,1193,34,0,2481.55,0.218,2,16.7,13.6,15,0,0
5453.42,14,1,75,49,0,3176.49,1.717,0,5.3,1.6,0,0,0
2358.57,8,1,99,42,0,3190.53,0.739,0,18.7,8.2,0,0,0
370.19,17,0,400,18,1,2832.17,0.131,0,11.2,13.5,1,0,0
11151.91,13,1,555,127,0,779.34,14.309,0,6.2,15.5,0,0,0
306.01,14,1,44,70,0,1326.14,0.231,1,12.5,4.7,0,0,0
750.25,14,1,200,51,0,3052.6,0.246,0,42.3,14.5,0,0,0
6592.13,13,1,107,8,0,3717.44,1.773,4,48.1,27.3,0,0,1
7022.96,19,0,1109,100,0,3481.1,2.017,1,28.7,11.1,23,0,0
1844.64,22,1,38,46,0,2992.57,0.616,0,41.7,12.9,0,0,0
19989.37,14,0,763,77,0,2201.34,9.081,0,27.9,1.6,32,0,0
4157.07,14,0,234,58,0,3870.16,1.074,2,9.4,32.9,14,0,0
470.65,13,0,332,49,0,2889.92,0.163,0,30.4,28.5,25,0,0
8214.96,7,1,411,89,0,3650.73,2.25,1,37.3,16.1,0,0,0
583.27,9,0,428,85,0,3448.46,0.169,2,39.4,27.6,34,0,0
4493.54,23,0,608,89,0,3469.22,1.295,1,14.3,27.4,15,1,0
2902.18,18,0,962,88,1,1909.23,1.52,0,18.7,4.8,17,0,1
5199.98,14,0,178,0,1,1686.88,3.083,4,85.7,55.7,1,0,1
5687.89,19,1,146,100,0,2280.6,2.494,1,49.2,6.7,0,0,0
1125.42,14,0,586,37,0,1803.57,0.624,0,29.2,14.1,36,0,0
3480.3,5,1,202,84,0,940.33,3.701,0,4.8,4.5,0,1,0
3088.03,15,1,165,43,0,3677.91,0.84,1,14.9,4.1,0,0,0
6040.37,12,0,547,0,0,3109.89,1.942,2,64.5,55.4,0,0,1
1459.78,14,0,771,60,0,2526.42,0.578,0,15.3,16.3,21,0,0
2559.42,8,0,589,19,0,2604.31,0.983,0,13.6,2.7,35,0,0
717.04,22,0,1238,81,0,1694.94,0.423,0,14.7,26.3,14,0,0
2661.74,19,0,913,38,0,3738.98,0.712,2,50.9,16.2,35,0,0
1908.22,17,0,410,70,0,1723.18,1.107,2,29.1,1.3,24,0,0
5514.83,9,0,293,65,0,3108.3,1.774,1,34.4,25.0,4,0,0
19958.5,1,0,506,10,4,1571.96,12.697,2,69.5,68.1,2,1,1
405.44,12,0,199,135,0,1180.71,0.343,1,10.8,33.2,13,0,0
740.28,12,0,542,129,0,3341.37,0.222,1,31.4,25.1,5,0,1
6564.37,15,1,102,52,0,1685.11,3.896,1,7.8,21.8,0,0,0
672.01,19,0,229,63,0,2561.88,0.262,1,33.6,3.6,15,0,0
2884.58,22,0,573,44,0,1089.39,2.648,0,10.2,15.1,9,0,0
10456.17,13,0,686,119,1,300.0,34.854,0,30.5,1.8,8,0,0
2067.32,6,0,174,30,0,1011.48,2.044,0,15.8,5.3,12,0,0
9875.68,16,0,401,62,0,3922.96,2.517,0,15.1,1.9,16,0,1
491.03,15,0,670,49,0,3391.64,0.145,3,13.8,1.6,27,0,0
4901.9,17,1,87,53,0,1397.84,3.507,0,11.7,1.8,0,0,0
2692.1,20,0,302,43,0,1922.17,1.401,0,38.1,6.3,17,0,0
201.7,12,1,241,73,0,2298.62,0.088,0,19.9,38.2,0,0,0
8132.84,22,1,121,83,0,1978.42,4.111,0,32.4,14.7,0,0,0
20000.0,23,1,16,5,1,1653.08,12.099,4,69.6,80.8,0,1,1
1081.63,10,1,115,55,0,1549.61,0.698,1,0.4,10.0,0,0,0
3973.21,18,0,1184,27,0,3030.53,1.311,0,16.8,10.1,3,0,0
985.1,14,1,5,2,0,2469.43,0.399,1,12.8,12.2,0,0,1
2047.63,14,0,416,85,0,3244.39,0.631,2,30.2,21.3,36,0,0
1556.14,20,0,211,70,0,1071.51,1.452,1,19.6,13.8,23,0,0
864.45,22,1,93,64,0,3708.49,0.233,1,14.1,10.8,0,0,0
1889.69,2,0,1099,66,0,2222.6,0.85,0,33.6,3.9,27,1,0
6609.48,5,1,84,12,3,1252.74,5.276,4,51.3,69.5,0,1,1
3384.54,15,1,102,51,1,3409.81,0.993,0,5.2,4.7,0,0,0
1738.63,11,0,975,33,0,2564.33,0.678,0,36.9,28.3,29,0,0
1964.15,4,1,37,0,2,4192.21,0.469,3,18.5,4.4,0,1,1
14617.14,10,0,1045,73,0,2181.2,6.701,4,38.9,13.2,43,0,0
2782.78,9,0,324,58,0,2100.66,1.325,1,2.5,18.6,3,0,0
7015.45,5,0,578,75,0,3178.16,2.207,0,18.5,2.6,6,1,0
1772.63,19,0,708,54,0,2001.11,0.886,1,15.2,11.0,2,0,0
10810.42,4,1,78,3,0,2687.57,4.022,2,61.6,51.2,0,1,1
2011.7,9,0,1046,89,0,677.06,2.971,1,25.1,3.0,21,0,1
1843.94,20,0,899,36,0,1624.9,1.135,1,1.9,22.7,5,0,0
1436.44,19,0,1017,69,0,601.32,2.389,1,8.3,8.6,9,0,0
6947.07,1,0,309,38,0,1574.46,4.412,1,40.5,9.2,38,1,0
1563.31,3,0,664,42,0,2766.76,0.565,0,6.5,38.2,19,1,0
755.03,14,0,331,106,0,4335.28,0.174,0,19.5,11.7,33,0,0
1063.09,3,0,662,78,0,539.26,1.971,1,37.2,6.5,6,1,0
2502.57,12,0,213,73,0,2505.76,0.999,1,15.2,7.9,28,0,0
1223.14,22,1,89,5,1,1326.02,0.922,1,21.1,0.4,0,0,1
1610.78,12,0,335,37,0,2057.66,0.783,1,12.6,14.4,21,0,0
1673.96,20,0,1004,61,0,2659.96,0.629,2,14.6,6.9,13,0,0
3849.84,20,0,515,43,0,3982.55,0.967,3,11.3,6.3,14,0,0
1605.37,18,0,572,26,0,2785.24,0.576,2,10.6,8.2,32,0,0
18399.65,17,0,69,74,0,1063.89,17.295,1,50.3,6.3,34,0,0
1819.67,2,1,123,56,0,1763.09,1.032,2,19.5,7.2,0,1,0
1605.02,16,1,98,49,0,806.09,1.991,2,6.6,7.5,0,0,1
3252.79,16,0,897,86,0,1583.5,2.054,1,51.2,10.0,18,0,0
11583.61,22,0,107,15,0,2822.49,4.104,3,73.0,86.9,3,0,1
993.97,6,0,382,100,0,1722.74,0.577,0,30.2,22.0,11,0,0
1299.45,3,1,30,7,3,2448.59,0.531,4,15.3,14.2,0,1,1
1098.5,12,0,296,54,0,2667.86,0.412,0,28.9,5.4,3,0,0
1907.83,1,1,62,3,2,2759.53,0.691,6,15.5,9.5,0,1,1
160.28,15,0,639,99,0,2511.93,0.064,0,14.6,3.8,34,0,0
567.1,0,1,56,24,0,2312.1,0.245,0,32.6,10.5,0,1,0
7355.8,7,0,894,27,0,1735.46,4.239,0,47.8,22.0,8,0,0
7267.55,13,0,439,100,0,2347.48,3.096,1,24.3,4.0,16,0,0
1074.11,22,0,404,81,0,3030.91,0.354,0,29.0,4.2,19,0,0
692.36,16,0,885,43,0,2726.84,0.254,2,6.8,6.6,12,0,0
1943.38,7,1,73,37,0,1653.91,1.175,1,48.9,25.9,0,0,0
987.32,13,0,1030,39,0,2876.92,0.343,0,41.5,4.0,25,0,0
16328.16,20,0,280,21,0,3511.34,4.65,1,51.0,20.1,22,0,0
1664.48,22,0,516,48,0,2595.0,0.641,1,35.6,2.1,6,0,0
2835.06,9,0,373,81,1,1618.74,1.751,2,22.7,9.1,33,0,0
3812.16,7,1,50,95,0,2180.52,1.748,1,14.8,2.4,0,0,0
9598.26,16,1,57,47,1,2799.98,3.428,0,2.1,12.1,0,0,0
1664.84,13,0,1399,34,0,2728.2,0.61,1,18.5,11.3,31,0,0
6977.13,19,0,635,55,0,3257.99,2.142,1,37.1,13.2,8,0,0
2486.25,17,0,410,39,0,1456.65,1.707,0,4.6,25.8,13,0,0
1716.01,14,1,23,22,0,2470.14,0.695,1,25.0,3.3,0,0,0
859.34,0,1,126,8,1,1296.75,0.663,3,6.6,12.4,0,1,1
2097.37,20,1,86,98,0,1660.57,1.263,2,16.1,23.3,0,0,0
1075.68,22,0,269,63,0,2183.7,0.493,1,22.5,20.1,24,0,0
1407.98,7,0,577,40,0,1854.24,0.759,1,28.9,14.6,32,0,0
2598.38,9,0,504,40,0,1407.82,1.846,0,35.6,9.2,1,0,1
1045.76,18,1,59,69,1,2295.88,0.455,1,33.6,29.9,0,0,0
1364.09,9,0,345,49,0,3700.55,0.369,1,28.3,29.0,5,0,0
3475.36,5,1,55,12,2,4934.26,0.704,2,88.0,73.0,0,1,1
820.09,14,0,515,121,0,1957.63,0.419,1,17.8,50.7,21,0,0
5186.96,16,0,414,105,0,3103.04,1.672,0,11.4,16.3,38,0,0
904.24,10,0,598,147,0,4376.22,0.207,0,34.4,1.2,29,0,0
16568.33,3,0,539,11,2,1868.76,8.866,3,62.9,31.0,0,1,1
859.65,8,0,441,62,0,2932.72,0.293,0,3.3,1.4,9,0,0
361.67,22,0,559,102,0,3037.9,0.119,0,46.5,7.0,32,0,0
1539.45,12,0,1218,47,0,2062.54,0.746,0,31.3,18.0,26,0,0
775.88,4,0,208,37,0,2026.37,0.383,2,38.6,11.7,17,1,1
1451.58,18,1,85,63,1,1475.84,0.984,2,14.1,15.2,0,0,0
6141.59,17,1,11,4,1,2099.61,2.925,3,60.8,45.2,0,0,1
20000.0,2,1,75,9,3,2651.95,7.542,4,82.2,35.3,0,1,1
18627.35,22,0,274,74,0,2290.58,8.132,0,20.6,13.7,45,0,0
7154.84,9,0,461,29,1,2258.77,3.168,2,11.9,12.0,4,0,1
586.85,8,0,456,25,0,1825.22,0.322,0,17.8,8.0,7,0,0
10183.47,22,1,75,5,1,1863.94,5.463,1,60.6,53.4,0,0,1
3630.31,17,0,352,24,0,3039.88,1.194,3,20.3,9.3,33,0,1
3229.92,17,0,313,41,0,2487.46,1.298,1,16.4,1.9,12,0,0
499.48,21,0,608,78,0,2882.36,0.173,0,57.4,5.5,17,0,0
588.51,9,0,442,70,0,2495.92,0.236,2,54.9,8.1,31,0,0
386.15,18,0,516,32,0,1703.04,0.227,0,24.2,9.5,7,0,0
1391.89,17,1,34,76,0,1576.59,0.883,0,11.7,4.4,0,0,0
1346.51,21,0,376,69,0,3684.71,0.365,1,2.0,3.1,20,0,0
367.58,21,0,545,61,0,1922.96,0.191,0,12.0,46.5,26,0,0
1572.64,4,0,393,2,2,3151.0,0.499,2,4.0,14.5,2,1,1
746.61,8,1,13,47,0,1145.6,0.652,1,48.6,12.3,0,0,0
202.07,21,1,77,81,0,1470.98,0.137,1,11.6,32.5,0,0,0
6791.16,14,0,315,70,0,2570.55,2.642,0,26.6,17.5,2,0,0
3115.24,16,0,799,74,0,1990.41,1.565,1,22.4,7.8,8,0,0
5605.28,14,0,180,21,0,2787.16,2.011,0,52.7,3.9,23,0,0
2199.43,15,0,1247,132,0,1907.29,1.153,0,14.3,1.3,22,0,1
2323.32,15,1,119,24,0,3717.83,0.625,0,0.4,7.3,0,0,0
189.34,16,0,454,62,0,2887.34,0.066,1,41.0,3.9,10,0,0
1444.62,7,0,669,33,0,1936.25,0.746,2,43.3,6.6,17,0,0
1079.57,7,0,639,19,0,3770.55,0.286,2,20.8,23.4,1,0,0
347.04,11,1,46,31,0,971.55,0.357,1,7.2,4.9,0,0,0
1382.02,3,0,632,12,0,1623.27,0.851,0,12.7,35.8,27,1,0
2045.86,1,0,360,79,0,3047.1,0.671,2,3.9,35.1,34,1,0
5646.53,11,1,156,0,2,2326.67,2.427,4,83.2,78.8,0,0,1
1814.71,17,1,29,8,0,1207.47,1.503,6,87.5,84.5,0,0,1
485.12,22,1,52,18,0,1260.88,0.385,1,33.7,27.2,0,0,0
12130.12,18,0,650,38,0,2597.73,4.67,0,10.3,26.5,17,0,0
874.85,0,0,511,97,0,2242.4,0.39,0,13.5,0.5,39,1,0
1085.59,15,0,423,29,0,999.85,1.086,1,28.8,25.6,16,0,1
1067.66,11,0,628,28,0,3255.04,0.328,3,13.6,9.6,35,0,0
4300.5,16,1,65,34,0,1668.12,2.578,1,25.2,4.1,0,0,0
354.0,14,1,122,139,0,1739.63,0.203,0,34.2,21.7,0,0,1
713.94,9,0,186,51,0,2800.1,0.255,0,15.7,25.7,21,0,0
2716.21,15,0,383,89,0,3041.66,0.893,1,22.1,33.9,31,0,0
1238.94,17,1,52,3,2,1822.11,0.68,2,6.2,9.0,0,0,1
1987.96,16,1,52,4,3,2754.05,0.722,0,12.3,11.8,0,0,1
1469.05,11,0,892,46,0,2213.6,0.664,0,0.9,37.0,4,0,0
1719.31,21,0,939,36,0,1891.73,0.909,1,6.6,9.4,32,0,0
2825.12,4,1,74,19,1,3702.44,0.763,3,50.4,45.2,0,1,1
15136.16,10,0,679,52,0,1920.64,7.881,0,19.6,7.7,22,0,1
10403.15,5,0,295,0,2,2752.88,3.779,4,48.4,57.6,0,1,1
1420.81,14,0,1000,81,0,3956.81,0.359,1,28.3,11.8,34,0,0
290.91,10,1,80,48,0,1574.93,0.185,0,0.2,20.8,0,0,0
8119.75,22,0,592,15,0,3520.34,2.307,0,46.8,56.1,3,0,1
8065.13,21,1,13,23,0,372.18,21.67,2,96.4,41.8,0,0,1
1714.75,22,0,276,59,0,3125.98,0.549,0,5.1,41.1,11,0,0
1207.64,3,1,37,13,1,1005.17,1.201,3,20.7,7.6,0,1,1
6672.25,14,0,682,84,0,1611.88,4.139,0,10.8,7.2,8,0,0
406.15,22,1,150,45,0,2153.26,0.189,0,49.5,11.2,0,0,0
2249.54,18,0,367,59,0,2852.02,0.789,2,14.0,4.7,10,0,0
1008.4,18,0,385,38,0,1578.8,0.639,0,39.3,4.2,7,0,0
14431.23,15,0,743,79,0,1053.35,13.7,2,26.6,9.9,34,0,0
2208.08,20,0,577,46,0,1953.48,1.13,1,57.1,3.6,4,0,0
5946.62,3,0,545,20,0,3526.16,1.686,1,17.9,15.2,23,1,0
3606.62,20,0,847,59,0,3448.18,1.046,0,32.8,15.1,33,0,0
2062.07,8,0,407,76,0,2626.4,0.785,0,37.4,5.9,16,0,0
763.46,21,0,357,26,0,2511.47,0.304,1,31.9,13.8,28,0,0
1033.54,2,0,1045,90,1,2354.4,0.439,3,19.0,7.7,37,1,0
3548.23,18,0,160,8,1,1679.43,2.113,5,69.2,70.4,2,0,1
2318.34,5,1,180,10,3,2517.07,0.921,3,8.1,13.7,0,1,1
1956.9,12,1,191,66,0,2401.53,0.815,2,23.0,24.0,0,0,0
808.69,1,0,773,52,0,3064.92,0.264,0,13.2,3.1,15,1,0
2366.61,14,1,21,71,0,1321.5,1.791,0,12.6,8.4,0,0,0
2574.86,19,0,500,75,0,2947.04,0.874,0,27.0,29.5,9,0,0
9222.57,6,0,376,80,0,4521.07,2.04,0,21.1,15.4,27,0,0
1090.46,10,0,636,82,0,2487.54,0.438,0,1.9,13.8,24,0,0
3562.34,3,1,47,2,3,1878.63,1.896,1,67.3,61.3,0,1,1
3958.38,1,1,118,3,1,2694.36,1.469,1,58.7,57.7,0,1,1
4458.55,15,0,288,89,0,3004.24,1.484,0,7.8,45.5,4,0,0
2483.95,10,1,79,22,0,2630.4,0.944,1,27.2,7.3,0,0,0
3855.92,18,1,167,47,1,695.17,5.547,0,0.8,8.0,0,0,0
3137.14,18,0,284,57,0,3087.76,1.016,1,23.0,1.4,35,0,0
383.43,14,1,64,32,0,3364.12,0.114,1,6.8,1.4,0,0,0
4287.14,21,0,430,55,0,1632.55,2.626,0,14.9,43.4,20,0,0
634.68,10,0,239,74,0,300.0,2.116,0,52.5,3.9,6,0,0
12980.31,18,0,1062,46,0,3092.81,4.197,0,12.3,5.2,49,0,0
13319.7,22,0,447,0,2,2769.48,4.809,2,75.4,83.6,1,0,1
1290.51,2,0,337,74,0,1759.23,0.734,2,32.2,1.6,7,1,0
409.41,17,1,125,43,0,3108.54,0.132,0,27.1,9.1,0,0,0
1535.28,8,0,589,56,0,2229.71,0.689,0,25.9,21.6,22,0,0
1146.59,4,0,331,29,1,2192.96,0.523,0,30.8,0.4,22,1,0
1597.92,20,1,36,0,5,1631.49,0.979,1,16.5,0.4,0,0,1
14673.09,6,0,858,21,0,2045.21,7.174,1,20.7,12.1,8,0,0
7192.61,1,1,106,3,3,1020.55,7.048,4,91.7,78.4,0,1,1
1748.84,20,1,89,63,0,894.35,1.955,3,6.0,40.7,0,0,0
2377.59,20,0,462,25,0,1791.38,1.327,1,17.6,8.1,11,0,0
2374.51,15,1,92,17,0,2903.3,0.818,0,24.0,16.5,0,0,0
857.62,2,1,57,50,0,1736.52,0.494,2,6.7,15.5,0,1,0
729.28,11,0,458,64,0,2902.53,0.251,0,43.6,7.0,27,0,0
6333.17,2,1,33,1,4,1603.05,3.951,2,82.4,82.4,0,1,1
757.8,6,1,55,85,0,2046.16,0.37,0,19.9,9.7,0,0,0
4250.61,13,0,216,27,0,3264.07,1.302,0,22.9,0.2,29,0,0
2439.68,7,0,549,86,0,1946.98,1.253,0,10.5,5.3,19,0,0
4942.07,1,1,69,5,1,1807.94,2.734,3,76.5,70.6,0,1,0
6976.51,17,0,383,98,1,1590.74,4.386,1,14.6,39.0,13,0,0
568.51,17,0,546,184,1,2353.85,0.242,0,25.9,5.8,34,0,0
637.64,10,0,436,27,0,2726.52,0.234,2,3.8,5.0,1,0,0
17916.57,3,0,878,55,0,3611.76,4.961,0,22.5,22.1,17,1,0
1253.35,10,0,728,68,0,2693.84,0.465,0,10.3,11.0,3,0,0
2312.24,11,0,442,48,0,3857.77,0.599,0,8.2,7.9,7,0,0
463.9,15,1,48,39,0,2215.41,0.209,0,42.9,10.0,0,0,0
1866.44,23,1,68,53,0,2864.01,0.652,0,5.7,3.5,0,1,0
1432.11,6,0,914,78,0,3162.56,0.453,1,14.3,12.3,13,0,0
3323.54,7,0,697,59,0,1644.01,2.022,0,24.3,24.4,3,0,0
6317.07,13,0,358,32,0,2248.04,2.81,0,23.4,5.4,6,0,0
1362.49,6,1,113,44,0,2988.74,0.456,1,10.5,17.8,0,0,0
905.53,9,0,272,110,1,3577.86,0.253,1,45.6,5.3,15,0,0
9337.62,5,1,67,7,3,2705.81,3.451,4,68.8,83.8,0,1,1
883.03,12,0,626,56,0,3470.68,0.254,0,23.8,19.9,31,0,0
128.2,11,0,595,44,0,1796.0,0.071,0,9.6,11.3,23,0,0
2732.7,21,0,897,47,0,3047.93,0.897,0,18.3,10.1,38,0,0
647.56,8,0,634,58,0,3910.33,0.166,2,14.3,21.1,22,0,0
5727.07,11,0,1488,16,1,2437.02,2.35,1,29.9,5.2,10,0,0
8587.24,5,1,140,13,4,1302.42,6.593,4,78.3,49.1,0,1,1
5138.91,16,0,499,36,0,2262.72,2.271,1,40.5,6.7,16,0,0
4343.09,20,0,409,75,0,1862.09,2.332,1,17.4,2.6,12,0,0
1038.11,8,0,191,17,0,1244.87,0.834,0,17.4,35.8,13,0,0
17036.97,0,0,287,45,0,1571.41,10.842,0,8.1,7.4,14,1,0
14930.95,11,0,428,50,0,1000.57,14.922,1,4.0,27.4,26,0,0
9982.37,10,1,36,5,2,1610.47,6.198,3,17.4,68.7,0,0,1
1060.33,15,0,378,118,0,1292.01,0.821,0,23.8,42.0,4,0,0
15376.52,17,0,618,3,1,3054.4,5.034,4,87.8,60.1,2,0,1
4950.92,3,1,146,16,3,2392.7,2.069,2,74.1,76.0,0,1,1
1953.08,15,0,861,94,0,3222.77,0.606,2,3.3,3.4,29,0,0
1945.05,19,0,703,94,0,2875.68,0.676,0,27.0,7.3,12,0,0
357.28,3,0,1156,34,0,2804.64,0.127,0,23.0,3.7,32,1,0
4783.37,21,0,348,1,1,3015.58,1.586,1,34.5,54.2,3,0,1
666.3,19,1,55,61,0,2556.79,0.261,0,16.9,23.6,0,0,0
6721.71,14,0,768,127,0,4118.98,1.632,0,15.5,26.8,23,0,0
14305.27,3,0,132,40,0,1894.17,7.552,0,10.5,19.1,24,1,0
8082.06,13,0,191,69,0,2431.87,3.323,1,22.1,3.9,6,0,0
20000.0,10,1,125,23,1,2420.23,8.264,0,69.6,67.3,0,0,0
13039.79,17,1,44,5,2,4018.31,3.245,3,84.5,35.7,0,0,1
2460.11,13,0,606,39,0,2094.83,1.174,0,28.9,7.2,29,0,0
1593.43,10,0,553,86,0,2951.49,0.54,0,6.0,7.4,10,0,0
976.81,9,0,474,80,0,3418.85,0.286,0,23.4,1.6,8,0,0
3845.27,16,1,67,8,2,3171.98,1.212,2,89.7,79.8,0,0,1
12082.9,6,1,193,68,0,3262.36,3.704,0,39.0,8.2,0,0,0
2558.72,18,0,700,94,0,3842.51,0.666,1,21.5,5.1,18,0,0
1596.09,7,1,129,88,0,3335.66,0.478,2,19.1,18.3,0,0,0
20000.0,5,1,16,5,0,1980.13,10.1,3,82.3,70.1,0,1,1
945.81,6,0,183,46,0,1732.16,0.546,0,17.2,17.0,15,0,0
7035.7,16,1,145,7,1,3132.23,2.246,1,96.5,72.7,0,0,0
2139.94,8,1,107,26,0,1662.26,1.287,2,6.7,1.1,0,0,0
6007.28,6,0,514,31,1,4514.86,1.331,1,40.4,24.0,38,0,0
5747.86,13,0,738,76,0,417.92,13.753,0,26.6,12.7,31,0,0
9212.01,2,1,89,10,2,3403.39,2.707,0,82.4,78.9,0,1,1
1059.62,9,0,578,44,1,2978.34,0.356,0,10.7,19.8,6,0,0
6711.54,11,1,114,52,0,2676.1,2.508,0,14.5,3.7,0,0,0
4482.27,13,0,653,63,0,2118.42,2.116,1,21.7,3.1,36,0,0
5838.67,21,0,608,72,0,1455.65,4.011,0,11.5,14.9,14,0,0
754.0,4,1,94,1,2,3099.6,0.243,4,13.3,5.5,0,1,1
8261.07,15,0,198,65,0,4597.62,1.797,1,16.8,8.7,3,0,0
2013.16,18,0,853,119,0,3454.12,0.583,0,18.8,7.2,9,0,0
652.77,19,0,390,55,0,2844.41,0.229,1,80.5,8.0,15,0,0
2314.01,22,0,401,61,0,2972.68,0.778,0,44.1,0.4,18,0,0
1639.34,9,0,742,57,0,3149.34,0.521,1,14.8,41.5,15,0,0
1945.14,0,0,894,65,0,2979.81,0.653,0,39.3,14.4,4,1,0
3242.5,12,0,133,22,0,3119.02,1.04,0,12.3,39.6,1,0,0
418.7,5,0,552,53,0,1891.68,0.221,1,10.2,2.6,6,1,0
17915.81,16,0,217,119,0,3337.36,5.368,2,47.3,15.0,50,0,0
1022.65,13,0,297,48,0,2800.26,0.365,3,12.9,23.8,7,0,0
1439.02,9,0,602,99,0,3701.61,0.389,0,16.7,4.3,22,0,0
20000.0,5,0,569,14,5,2741.2,7.296,3,27.1,56.5,1,1,1
17826.59,6,1,39,4,3,3282.23,5.431,1,54.5,78.9,0,0,1
20000.0,23,1,110,15,1,3027.62,6.606,1,67.5,77.2,0,1,1
2607.85,18,0,487,40,2,3900.16,0.669,1,8.2,2.7,12,0,0
2605.12,18,1,27,41,0,2187.94,1.191,1,4.4,0.9,0,0,0
20000.0,22,1,68,9,3,1813.78,11.027,2,45.9,87.6,0,0,1
599.0,14,0,547,40,0,2575.86,0.233,1,9.1,2.5,11,0,0
3337.85,21,1,221,62,0,2458.3,1.358,1,9.2,16.0,0,0,0
18309.15,0,1,69,5,3,2969.62,6.165,2,79.5,67.6,0,1,1
2419.64,23,0,523,40,0,1779.73,1.36,0,15.6,17.7,16,1,0
1725.76,1,0,371,36,0,3813.7,0.453,1,13.8,11.8,18,1,0
13852.8,15,0,696,57,0,1835.35,7.548,0,18.5,1.0,20,0,0
7380.21,8,0,490,74,0,428.92,17.207,0,14.3,6.7,37,0,0
56.57,3,0,584,119,0,2135.35,0.026,1,30.8,3.9,4,1,0
19749.36,20,1,121,78,0,1166.87,16.925,1,14.1,3.0,0,0,1
234.82,13,0,355,37,1,2274.89,0.103,0,8.9,8.5,20,0,0
2688.39,2,0,444,40,0,3255.24,0.826,1,56.6,29.8,11,1,0
3073.17,13,1,162,104,0,1702.04,1.806,2,3.5,2.9,0,0,0
1227.37,6,1,274,30,0,2749.27,0.446,1,16.9,9.1,0,0,0
675.07,11,0,624,9,1,3555.47,0.19,1,19.9,7.2,13,0,0
1505.94,22,0,754,22,0,2361.26,0.638,0,38.5,5.2,36,0,0
2864.95,22,1,46,47,0,1736.07,1.65,1,22.6,12.5,0,0,0
347.44,12,0,451,63,0,1028.21,0.338,0,3.9,3.9,9,0,0
670.87,20,0,199,39,1,1122.51,0.598,1,16.0,4.9,29,0,1
3846.42,13,0,828,61,0,2484.06,1.548,1,16.0,29.4,38,0,0
1154.88,3,0,1405,55,0,2598.88,0.444,1,9.8,0.5,26,1,0
1130.4,19,1,40,9,1,3162.04,0.357,3,48.3,74.0,0,0,1
918.99,13,0,593,132,0,702.68,1.308,0,27.5,18.5,17,0,0
1821.87,12,1,178,86,0,2431.73,0.749,2,41.3,5.9,0,0,0
690.06,4,0,1000,37,0,931.57,0.741,1,7.7,32.8,29,1,0
2148.86,21,0,608,40,1,2738.39,0.785,0,43.9,3.3,4,0,0
3817.64,3,0,744,28,0,2713.24,1.407,1,13.4,9.7,22,1,0
8489.97,14,1,149,5,3,2473.1,3.433,3,90.6,58.9,0,0,1
1293.58,14,0,909,53,0,3477.85,0.372,2,44.0,2.4,38,0,0
563.45,21,0,381,39,0,1246.16,0.452,1,36.8,0.9,22,0,0
663.05,19,1,222,79,0,3762.55,0.176,0,20.1,15.3,0,0,0
942.63,8,0,447,39,0,1758.8,0.536,0,36.6,32.5,27,0,0
1190.81,5,1,82,102,0,953.22,1.249,0,38.3,10.1,0,1,0
497.21,14,0,465,91,0,1582.87,0.314,0,28.7,12.8,37,0,0
18118.1,2,0,577,59,0,3957.7,4.578,0,5.4,11.9,20,1,0
278.18,12,1,23,123,0,2983.99,0.093,3,11.6,17.3,0,0,0
1288.03,20,0,1160,30,0,996.26,1.293,0,27.8,2.8,31,0,0
407.17,22,0,547,133,0,2278.92,0.179,0,26.1,1.5,29,0,0
2112.34,22,0,247,107,0,1906.11,1.108,1,31.4,22.7,2,0,0
384.81,10,0,453,32,0,2689.77,0.143,2,20.3,20.2,26,0,0
9467.01,18,1,34,3,2,1776.74,5.328,1,90.2,53.1,0,0,1
627.87,16,0,877,28,0,1429.24,0.439,0,19.4,24.4,19,0,0
846.82,20,0,703,86,0,1888.83,0.448,0,5.2,11.5,37,0,0
14540.64,2,1,119,76,1,1620.78,8.971,0,17.5,4.1,0,1,0
839.93,8,1,71,2,2,1861.23,0.451,4,4.3,13.6,0,0,1
3059.04,23,1,33,2,1,1978.09,1.546,1,82.6,29.1,0,1,1
344.43,7,0,577,97,0,2034.98,0.169,0,34.0,67.8,31,0,0
226.64,18,1,86,53,0,1745.66,0.13,2,33.4,6.9,0,0,0
10069.34,22,1,12,5,2,679.5,14.819,4,62.8,70.3,0,0,0
2315.11,6,0,421,56,0,3050.66,0.759,2,10.2,7.0,22,0,0
464.4,18,0,603,39,0,2356.08,0.197,0,12.4,13.9,18,0,0
5404.86,18,0,402,71,0,2635.91,2.05,1,12.8,19.6,33,0,0
1985.61,10,0,481,42,0,3156.62,0.629,0,17.1,11.0,11,0,0
561.07,13,0,673,52,0,3451.42,0.163,0,5.6,8.5,32,0,0
1799.43,15,0,577,52,0,3353.96,0.537,0,1.0,7.4,35,0,0
3254.48,6,1,2,3,3,2016.67,1.614,3,54.9,64.2,0,0,1
11088.62,23,0,491,0,3,1162.49,9.539,6,76.3,20.9,3,1,1
5533.67,15,1,146,91,0,1291.12,4.286,1,13.0,22.1,0,0,0
1046.12,10,1,10,5,2,3123.1,0.335,7,21.2,8.1,0,0,1
547.65,3,1,64,108,0,1768.81,0.31,0,25.9,18.4,0,1,0
1585.52,5,0,508,66,0,2536.8,0.625,0,14.0,9.2,31,1,0
3114.71,23,0,438,72,0,1839.78,1.693,1,54.5,24.6,25,1,0
5973.36,8,0,530,44,0,2713.83,2.201,1,33.3,15.5,28,0,0
426.68,18,0,1411,66,1,1710.21,0.249,0,5.5,3.5,13,0,0
1036.07,11,0,724,57,0,3153.26,0.329,1,27.1,3.7,28,0,0
1093.99,7,1,189,52,0,1498.89,0.73,1,2.2,3.4,0,0,0
1011.66,22,1,106,30,0,628.59,1.609,1,13.9,15.8,0,0,0
1429.89,17,0,614,61,0,839.25,1.704,3,5.1,22.9,2,0,0
2700.24,8,1,178,21,1,1467.77,1.84,1,10.7,12.3,0,0,0
3744.33,22,1,219,65,0,413.42,9.057,1,3.5,2.8,0,0,0
2120.44,5,0,111,57,0,1489.15,1.424,1,16.1,11.6,11,1,0
6726.99,11,0,590,62,0,2428.2,2.77,0,42.5,14.0,17,0,0
3156.58,22,0,772,82,0,2017.6,1.565,0,9.6,10.9,22,0,0
2351.61,22,0,709,56,0,2802.06,0.839,0,40.5,12.7,37,0,0
1077.73,10,0,585,87,0,2944.93,0.366,0,28.2,13.6,39,0,0
1610.22,10,0,357,62,0,2839.19,0.567,0,59.3,18.1,11,0,0
6014.57,4,1,22,3,0,2872.23,2.094,1,88.6,24.1,0,1,1
13023.83,9,0,401,74,0,1528.19,8.522,0,2.5,14.4,24,0,0
1507.19,22,0,343,39,0,3201.73,0.471,0,7.2,8.4,28,0,1
129.12,10,1,44,82,0,1577.29,0.082,0,15.4,29.5,0,0,0
1161.96,4,0,313,74,0,3220.03,0.361,2,3.0,21.9,8,1,0
1567.58,17,0,811,29,0,1388.12,1.129,1,29.3,1.5,1,0,0
1094.04,11,0,280,26,2,2172.85,0.504,4,13.2,13.7,0,0,1
2451.4,17,0,785,50,0,2346.22,1.045,0,25.0,14.5,7,0,0
681.26,18,0,717,13,0,2005.3,0.34,1,24.7,5.0,11,0,0
615.18,11,0,530,38,0,2963.65,0.208,1,8.3,29.9,31,0,0
10744.08,5,0,718,53,0,1908.12,5.631,0,8.4,10.0,18,1,0
2321.7,15,0,673,106,0,2885.84,0.805,0,15.4,15.4,4,0,0
1328.61,8,1,46,40,0,3710.3,0.358,0,8.2,6.8,0,0,0
4214.45,21,1,185,42,0,1531.5,2.752,2,15.6,24.6,0,0,0
3848.19,17,0,625,48,1,1459.31,2.637,1,9.7,19.8,17,0,0
1063.14,16,0,647,33,0,2493.51,0.426,0,22.5,7.8,38,0,0
423.5,6,0,768,11,0,2600.5,0.163,1,26.9,33.6,2,0,0
1283.81,16,0,506,49,0,2272.32,0.565,0,17.1,14.2,3,0,0
3498.3,15,0,827,107,0,1350.01,2.591,1,26.3,7.9,9,0,0
2334.95,18,0,377,38,0,1824.1,1.28,0,21.9,20.0,19,0,0
1463.54,20,0,368,92,0,2232.63,0.656,0,32.7,12.3,29,0,0
2082.52,21,1,19,6,5,3436.66,0.606,1,20.9,6.1,0,0,1
1439.82,8,1,14,118,0,1789.56,0.805,0,7.6,12.1,0,0,0
1386.6,13,0,329,46,0,2601.4,0.533,0,10.3,9.3,13,0,0
562.87,21,0,361,65,0,3266.0,0.172,0,25.8,12.8,11,0,0
2127.03,2,0,412,75,0,1388.9,1.531,0,8.7,17.1,11,1,0
1784.31,22,0,83,48,0,1354.77,1.317,1,15.8,1.2,10,0,0
1406.08,22,0,324,94,0,1863.45,0.755,1,10.8,22.1,11,0,0
575.69,7,0,210,46,0,3456.17,0.167,1,1.4,5.4,1,0,0
703.31,17,0,393,35,0,1855.41,0.379,1,23.1,24.0,13,0,0
357.87,6,0,520,93,0,452.16,0.791,0,17.6,50.4,9,0,0
2602.33,21,0,406,65,0,2514.13,1.035,1,43.7,6.6,9,0,0
1797.28,12,1,87,73,0,2003.14,0.897,0,18.1,16.7,0,0,0
921.03,20,0,329,20,0,1464.78,0.629,0,26.4,2.4,7,0,0
2054.06,21,1,70,40,0,3373.07,0.609,0,10.2,12.2,0,0,1
19845.61,10,0,187,120,0,2930.5,6.772,0,17.3,10.2,14,0,0
4687.74,7,0,892,55,0,3753.41,1.249,2,2.6,13.2,11,0,0
1760.46,13,0,227,101,0,1269.15,1.387,3,1.0,1.9,23,0,0
4689.55,6,1,196,41,0,945.51,4.96,2,7.4,15.7,0,0,0
964.75,10,0,810,37,0,2055.91,0.469,0,8.7,14.2,6,0,0
13537.05,23,0,440,7,2,2735.79,4.948,1,80.5,55.6,2,1,0
979.38,19,0,373,108,0,2877.88,0.34,1,16.1,6.4,15,0,0
374.89,21,0,396,69,0,2896.66,0.129,0,11.3,2.2,35,0,0
1053.23,21,0,604,36,0,2795.34,0.377,2,30.3,19.2,23,0,0
1202.35,5,0,558,53,0,2923.16,0.411,2,2.5,8.2,21,1,0
2545.98,11,1,21,79,0,1684.64,1.511,0,33.9,20.5,0,0,0
5031.25,3,0,533,30,0,3318.58,1.516,0,34.2,5.2,12,1,0
3380.46,21,0,456,50,0,1297.09,2.606,0,1.5,8.4,19,0,0
2010.24,16,0,349,42,0,3554.52,0.566,1,19.6,7.4,14,0,0
16181.77,22,0,126,17,0,3323.47,4.869,1,40.8,5.6,54,0,0
1309.96,6,0,594,36,0,4428.35,0.296,1,13.8,19.5,18,0,0
7347.12,6,1,109,52,0,300.0,24.49,2,7.3,8.1,0,0,0
1289.67,4,0,88,1,3,300.0,4.299,2,29.9,39.6,0,1,1
8227.81,9,0,236,49,0,2206.05,3.73,0,15.5,34.1,33,0,0
4546.78,15,0,1485,35,0,1832.3,2.481,0,2.9,0.3,7,0,0
1590.92,20,1,69,82,0,2499.1,0.637,0,37.6,43.7,0,0,0
3501.97,22,1,172,67,0,2066.94,1.694,2,38.0,31.9,0,0,0
1476.86,7,0,535,31,0,1311.48,1.126,1,18.3,13.1,21,0,0
347.17,13,1,194,43,0,1927.58,0.18,0,50.3,12.6,0,0,1
673.67,10,0,428,22,0,3407.32,0.198,3,10.2,0.8,7,0,0
798.34,18,0,692,33,0,2692.99,0.296,1,11.0,6.1,14,0,0
2726.05,12,0,984,50,0,1238.44,2.201,0,18.7,7.3,23,0,1
2304.66,19,0,323,61,0,3580.38,0.644,1,43.1,1.5,33,0,0
2190.07,11,0,290,27,0,1749.25,1.252,0,29.1,8.7,33,0,0
816.64,5,0,906,99,0,3394.92,0.241,2,12.8,0.7,37,1,0
1930.56,9,1,150,61,0,300.0,6.435,2,27.3,0.4,0,0,0
5925.92,7,0,807,45,0,4275.13,1.386,2,11.9,6.4,32,0,0
2318.14,5,1,48,15,2,1500.15,1.545,4,13.3,3.6,0,1,1
1329.44,12,0,552,33,0,2461.8,0.54,0,37.1,0.6,1,0,0
580.7,12,0,884,66,0,4269.14,0.136,2,15.3,28.0,38,0,0
668.79,17,1,89,39,0,1524.26,0.439,1,6.1,3.1,0,0,0
1445.32,22,0,420,41,0,4441.63,0.325,0,21.7,1.5,16,0,0
2138.29,23,0,396,45,0,3514.7,0.608,1,24.4,6.2,11,1,0
19362.52,7,0,704,71,0,2455.46,7.885,1,36.9,3.7,44,0,0
876.35,9,0,468,65,0,1868.63,0.469,1,8.5,21.7,1,0,0
581.51,22,0,490,96,0,1150.05,0.506,0,18.3,2.8,29,0,0
20000.0,14,1,59,1,3,2799.24,7.145,2,71.0,46.3,0,0,1
2396.44,15,0,279,63,1,850.5,2.818,0,20.4,15.6,32,0,0
1335.19,21,1,201,63,0,3009.37,0.444,1,19.6,6.4,0,0,0
763.08,18,0,871,110,0,3560.5,0.214,4,6.7,9.0,4,0,0
3856.48,9,1,118,35,0,2091.76,1.844,1,46.2,60.9,0,0,0
649.66,16,0,201,71,0,1163.69,0.558,1,12.4,6.7,24,0,0
731.28,16,0,504,61,0,3202.43,0.228,1,9.3,40.7,7,0,0
491.62,17,0,655,28,0,300.0,1.639,0,21.1,1.4,13,0,0
1330.61,18,0,278,76,0,2543.5,0.523,0,11.7,4.7,34,0,0
3166.97,21,0,643,92,0,941.62,3.363,1,8.5,4.8,19,0,0
3211.35,6,0,581,67,0,1946.5,1.65,0,7.3,0.4,8,0,0
1283.18,14,0,730,76,1,2051.77,0.625,1,20.6,49.9,8,0,0
216.16,20,0,547,96,0,3821.38,0.057,1,16.1,0.7,26,0,0
2252.91,9,0,354,41,0,2624.01,0.859,2,35.2,12.9,36,0,0
4198.45,10,1,103,72,0,2087.98,2.011,1,39.7,3.0,0,0,0
4796.74,11,0,486,25,0,4041.1,1.187,0,8.7,20.4,8,0,0
6606.92,2,1,65,26,2,2504.73,2.638,3,37.4,84.6,0,1,1
18219.86,1,1,21,8,1,2040.12,8.931,3,78.4,32.6,0,1,1
18624.17,1,1,11,9,6,1938.24,9.609,2,82.1,73.3,0,1,1
303.31,18,0,1213,93,0,723.76,0.419,0,49.9,7.7,31,0,0
12968.97,2,1,20,8,4,1716.17,7.557,5,65.4,67.5,0,1,1
1238.71,17,0,462,25,0,3703.62,0.334,2,17.5,27.3,3,0,0
3667.9,16,0,681,70,0,2805.96,1.307,0,27.0,3.1,26,0,0
3732.74,23,0,514,64,0,3117.07,1.198,1,0.8,11.3,37,1,0
2196.76,16,0,126,104,0,982.71,2.235,0,15.0,17.9,9,0,1
2618.87,14,0,366,39,0,575.75,4.549,0,17.1,0.3,26,0,1
934.14,17,0,794,26,0,2047.25,0.456,1,10.2,7.9,14,0,0
1451.25,13,0,333,49,0,2284.21,0.635,0,32.5,25.4,32,0,0
1182.11,18,0,677,76,0,2751.82,0.43,0,16.3,8.8,4,0,0
1569.46,6,1,126,49,0,2468.72,0.636,0,22.0,2.4,0,0,0
1550.23,12,1,93,110,0,1613.39,0.961,2,16.4,10.7,0,0,1
972.07,10,1,4,14,2,3207.3,0.303,5,21.8,8.2,0,0,1
16086.43,16,1,13,8,3,3106.5,5.178,0,37.2,35.7,0,0,1
5639.8,21,0,347,69,0,3750.39,1.504,0,15.4,16.0,7,0,1
8485.02,10,0,435,72,0,2170.75,3.909,0,29.8,21.1,18,0,0
6577.25,23,1,44,34,2,2644.14,2.487,3,77.0,80.9,0,1,1
1458.69,11,0,614,45,0,1584.19,0.921,0,3.2,3.5,36,0,0
5006.57,14,0,579,79,0,2496.31,2.006,1,21.1,11.0,8,0,0
2730.73,0,0,768,86,0,3411.73,0.8,0,39.0,29.0,2,1,0
4022.51,6,0,465,75,0,2918.43,1.378,1,14.4,13.2,22,0,0
1655.43,19,0,179,125,0,1223.08,1.353,0,7.8,9.0,16,0,0
1066.84,22,0,518,92,0,2115.67,0.504,1,13.5,7.2,17,0,0
2887.68,21,1,43,11,3,2033.71,1.42,1,82.5,82.3,0,0,1
2918.27,8,0,392,84,0,3207.76,0.91,0,48.7,43.8,39,0,0
972.01,2,0,506,53,0,1884.43,0.516,0,11.9,8.3,39,1,0
8842.33,22,0,597,97,0,1801.17,4.909,1,17.3,15.9,15,0,0
2874.81,13,0,678,47,0,1549.36,1.855,0,7.2,2.7,4,0,0
20000.0,10,1,11,9,5,3204.71,6.241,0,57.3,79.4,0,0,1
418.44,8,1,56,59,0,2184.88,0.192,0,18.4,13.1,0,0,0
521.09,10,0,615,75,0,1262.36,0.413,0,39.7,16.3,22,0,0
18761.05,8,0,631,65,0,2980.22,6.295,1,23.2,11.7,22,0,0
3408.88,4,0,461,102,0,3031.52,1.124,0,9.1,3.6,30,1,0
776.59,21,1,40,75,0,2690.35,0.289,0,10.8,11.0,0,0,0
1077.37,6,0,283,23,1,1616.67,0.666,0,31.2,12.0,23,0,0
530.24,6,0,762,52,0,970.37,0.546,0,29.1,10.9,18,0,0
1721.05,20,0,441,31,0,1763.95,0.976,1,34.9,9.3,13,0,1
558.58,20,0,515,57,0,2913.53,0.192,1,13.1,0.7,18,0,0
2284.44,14,1,28,77,0,1664.17,1.373,3,27.6,19.3,0,0,0
339.49,20,0,307,81,0,2313.26,0.147,1,18.5,23.7,22,0,0
12746.07,16,0,64,53,0,2527.57,5.043,1,18.0,3.9,39,0,0
932.57,8,0,260,44,0,2307.23,0.404,0,31.3,1.4,38,0,0
2919.17,10,0,859,47,0,3138.73,0.93,1,18.5,0.4,27,0,0
20000.0,1,1,19,3,2,3155.35,6.338,0,89.3,38.5,0,1,1
2313.36,22,0,388,34,0,1585.52,1.459,1,10.1,23.8,27,0,0
13200.68,21,0,841,126,0,3369.77,3.917,0,15.3,18.8,40,0,0
1625.43,7,1,113,116,0,3603.24,0.451,0,20.5,15.5,0,0,0
3897.38,19,0,674,75,0,1478.15,2.637,1,13.1,23.2,11,0,0
629.94,3,0,286,34,0,3628.01,0.174,0,23.4,26.0,28,1,0
2347.31,20,0,692,60,0,1007.95,2.329,0,5.4,11.0,8,0,0
642.77,6,0,840,24,0,2954.28,0.218,1,49.7,21.6,18,0,0
2431.5,10,0,225,86,0,1801.41,1.35,2,34.9,12.6,20,0,0
1423.62,12,0,291,33,0,1686.82,0.844,0,30.0,17.4,9,0,0
11261.46,1,0,457,4,1,2665.49,4.225,2,87.0,83.1,3,1,1
2829.59,9,1,69,71,0,3285.2,0.861,0,56.8,15.4,0,0,0
2195.73,9,0,933,106,0,1967.44,1.116,2,15.2,7.8,25,0,0
1140.07,22,0,425,69,0,2185.91,0.522,2,49.0,28.2,39,0,0
7790.09,22,0,486,122,0,2539.6,3.067,1,19.1,18.9,38,0,0
5557.26,13,0,289,57,0,300.0,18.524,2,38.5,18.6,10,0,0
544.75,10,1,58,57,0,2514.4,0.217,0,12.2,8.2,0,0,0
20000.0,6,1,57,6,1,1968.31,10.161,2,39.4,52.1,0,0,1
802.2,0,0,373,105,0,3907.05,0.205,2,14.8,2.8,37,1,0
2701.98,15,1,102,87,0,3565.81,0.758,1,9.0,17.9,0,0,0
1581.34,9,1,86,13,1,2365.8,0.668,0,12.0,3.8,0,0,0
943.89,13,0,368,81,0,1492.74,0.632,1,7.2,1.3,17,0,0
1610.11,6,0,299,40,1,1376.26,1.17,0,53.7,3.6,7,0,0
4692.48,22,1,93,41,0,4215.54,1.113,1,33.6,8.3,0,0,0
17942.42,19,0,112,26,0,2621.42,6.845,2,5.9,9.9,44,0,0
882.62,16,0,886,64,0,2764.99,0.319,0,24.2,11.7,7,0,0
14992.95,4,0,140,11,1,2670.66,5.614,2,77.7,75.3,3,1,1
491.17,13,1,160,72,0,1658.89,0.296,0,3.8,19.2,0,0,0
4324.25,7,0,859,55,0,2542.54,1.701,1,2.9,8.4,11,0,0
292.19,13,0,1103,77,0,2011.59,0.145,1,27.2,12.2,20,0,0
350.03,18,1,80,33,0,1577.82,0.222,0,3.8,21.7,0,0,0
714.7,23,0,404,15,0,1627.35,0.439,1,49.0,12.2,14,1,0
669.96,21,1,96,76,0,2362.59,0.284,2,4.9,22.6,0,0,0
20000.0,1,1,20,2,2,1736.0,11.521,2,73.5,27.5,0,1,1
9682.29,8,1,25,0,4,2391.54,4.049,5,33.6,50.4,0,0,1
765.51,20,0,961,73,0,2780.52,0.275,2,7.8,1.1,32,0,0
2041.65,6,0,469,73,2,3670.89,0.556,0,18.0,3.7,3,0,0
3020.53,21,0,250,19,0,2323.33,1.3,0,17.5,14.7,31,0,0
2197.3,23,1,9,24,0,781.47,2.812,4,17.2,10.9,0,1,1
2955.41,9,0,783,45,2,3811.69,0.775,1,2.6,3.7,15,0,0
450.85,12,0,244,49,0,2782.02,0.162,1,27.2,0.8,35,0,0
10044.58,7,1,39,1,2,2638.1,3.808,2,76.6,31.1,0,0,1
1146.95,18,0,622,29,0,1361.79,0.842,1,60.3,13.5,22,0,0
1092.99,6,0,256,43,0,3493.94,0.313,0,20.1,12.0,26,0,0
6044.8,21,0,672,66,1,1769.7,3.416,0,37.2,21.2,38,0,0
3379.99,21,0,852,85,0,3820.02,0.885,1,22.8,4.0,19,0,0
2965.49,7,0,351,63,0,2323.93,1.276,1,7.7,10.7,11,0,0
5226.76,20,1,59,69,0,2520.47,2.074,0,4.0,4.1,0,0,0
2177.15,16,0,496,77,0,1923.36,1.132,1,5.0,4.4,8,0,0
1282.05,20,1,161,57,0,1251.73,1.024,1,5.7,11.7,0,0,0
4514.86,0,1,8,11,4,2832.37,1.594,2,97.0,66.7,0,1,1
1002.08,15,0,445,62,0,2683.95,0.373,1,32.4,17.0,1,0,0
3971.82,0,1,188,31,0,646.04,6.148,2,12.5,3.2,0,1,0
4986.77,18,1,154,108,0,1892.24,2.635,3,16.4,0.4,0,0,1
907.31,12,0,738,94,0,2907.56,0.312,1,14.2,9.7,34,0,0
2109.53,18,0,443,152,0,2392.99,0.882,2,20.1,7.3,19,0,0
1185.71,7,1,204,115,0,3199.59,0.371,0,29.5,2.6,0,0,0
3698.2,19,0,413,55,0,2207.67,1.675,0,40.7,17.0,36,0,0
10580.85,13,1,30,8,2,3399.66,3.112,4,96.7,55.6,0,0,1
6487.96,19,0,553,10,2,4432.45,1.464,2,85.4,51.3,3,0,1
254.43,18,0,157,56,0,2020.17,0.126,0,44.7,7.1,15,0,0
4707.71,6,0,883,56,0,1881.24,2.502,1,15.9,11.8,25,0,0
1100.77,20,0,958,92,0,2062.45,0.534,1,14.5,34.5,38,0,0
1139.49,15,0,186,104,0,1005.67,1.133,0,59.7,8.1,34,0,0
5910.74,10,1,120,36,0,2702.72,2.187,1,19.0,8.1,0,0,0
561.44,15,1,9,1,0,2290.77,0.245,1,12.9,9.1,0,0,1
670.83,13,0,422,45,0,2820.61,0.238,1,25.9,5.7,20,0,0
633.93,1,1,145,55,1,421.72,1.503,1,15.4,2.1,0,1,0
2330.3,19,0,776,98,0,3562.88,0.654,1,1.6,3.7,36,0,1
14207.36,13,0,635,61,0,1329.09,10.69,2,39.1,15.8,22,0,0
4286.66,6,0,441,129,0,362.33,11.831,0,6.8,32.0,10,0,0
17552.87,21,0,919,123,0,1930.42,9.093,0,22.9,21.8,31,0,0
20000.0,5,1,25,22,0,2125.94,9.408,6,78.0,80.9,0,1,1
11038.6,13,0,780,91,0,2833.64,3.896,2,41.6,12.3,28,0,0
811.7,15,0,781,93,0,2058.95,0.394,1,22.8,21.7,23,0,0
3505.24,6,0,825,81,0,2625.87,1.335,1,8.8,5.1,6,0,1
2330.85,15,1,243,21,1,4029.68,0.578,3,2.8,7.7,0,0,1
1366.26,22,0,253,56,0,2636.9,0.518,0,21.9,18.4,21,0,0
6737.88,19,1,142,61,0,2073.6,3.249,1,1.7,12.9,0,0,0
3480.86,19,0,468,60,0,3353.18,1.038,1,36.0,13.5,14,0,0
1413.02,6,1,71,38,0,1405.83,1.005,1,3.9,8.6,0,0,0
724.46,17,0,617,31,0,2156.17,0.336,1,2.0,55.8,13,0,0
7339.75,13,0,695,44,0,2599.28,2.824,0,17.5,9.8,12,0,0
202.72,16,1,196,29,0,2376.39,0.085,0,12.5,8.2,0,0,0
9063.0,1,1,45,1,1,337.64,26.842,2,37.6,86.1,0,1,1
367.59,8,0,685,27,0,2017.83,0.182,0,6.3,27.4,12,0,0
4427.79,10,0,438,75,0,2809.87,1.576,1,11.0,6.2,13,0,0
3534.77,10,0,311,76,0,1944.07,1.818,0,25.1,6.3,23,0,0
1651.34,6,1,174,32,0,2776.03,0.595,0,30.0,17.6,0,0,0
20000.0,15,1,72,7,1,2678.21,7.468,0,66.4,43.7,0,0,1
2486.43,17,0,619,63,0,2649.88,0.938,1,5.3,32.7,21,0,0
2456.55,1,1,113,11,0,3105.67,0.791,5,71.5,39.6,0,1,1
2566.02,8,0,440,79,0,3016.08,0.851,0,15.2,7.5,4,0,0
2971.7,14,1,22,9,2,4287.26,0.693,2,72.4,60.3,0,0,1
1057.58,14,0,436,43,0,2983.32,0.354,1,28.7,6.1,19,0,0
597.42,19,0,498,44,0,2699.9,0.221,0,27.3,36.6,10,0,0
924.97,20,0,297,17,0,1526.65,0.606,1,33.4,12.9,2,0,0
933.32,18,0,778,74,0,2919.18,0.32,1,10.6,8.4,2,0,0
171.88,1,0,801,28,0,3348.8,0.051,0,29.5,14.4,34,1,0
308.09,5,0,493,139,1,1765.17,0.175,0,3.8,2.0,7,1,0
10291.28,16,0,179,0,6,3655.8,2.815,1,59.9,61.3,1,0,1
3400.03,9,1,385,96,0,2599.27,1.308,0,5.3,10.5,0,0,0
16849.89,10,0,497,39,0,641.01,26.286,1,27.4,45.7,38,0,0
5052.94,21,0,118,11,0,3081.59,1.64,5,82.9,57.7,1,0,1
2713.43,23,1,301,45,0,3290.64,0.825,0,13.4,4.8,0,1,0
1146.06,16,0,1610,45,0,1283.59,0.893,1,16.9,24.2,27,0,0
16699.16,9,0,194,60,0,1632.93,10.227,2,21.1,13.5,56,0,0
10054.49,12,1,51,9,2,2108.97,4.767,4,76.4,75.8,0,0,1
4591.14,1,0,665,5,1,2239.25,2.05,5,95.3,65.2,2,1,1
855.78,14,0,282,165,0,3389.28,0.252,0,19.9,4.0,6,0,0
683.64,18,1,149,94,0,2358.79,0.29,0,59.0,16.7,0,0,0
1718.42,2,0,614,47,0,2597.31,0.662,1,34.2,8.1,8,1,0
15266.05,20,0,231,50,0,928.7,16.438,1,4.4,3.9,39,0,0
1438.84,19,0,781,47,0,4218.18,0.341,0,17.8,7.0,14,0,0
288.59,5,0,348,43,0,3707.1,0.078,1,21.9,21.2,35,1,0
279.57,10,1,133,70,0,2944.82,0.095,1,5.0,4.4,0,0,0
4711.09,21,1,72,3,1,1760.68,2.676,1,63.0,72.6,0,0,1
702.67,7,0,744,32,0,999.62,0.703,0,14.3,25.8,29,0,0
427.01,11,1,237,28,0,1315.62,0.325,0,29.5,8.1,0,0,0
387.21,20,0,305,43,1,2594.23,0.149,1,32.3,8.7,1,0,0
6029.81,14,1,31,13,1,3982.98,1.514,3,67.4,38.5,0,0,1
495.17,18,0,568,117,0,910.55,0.544,0,7.9,2.9,6,0,0
1464.07,8,0,752,54,0,2015.84,0.726,0,29.8,6.8,15,0,0
1026.37,6,0,416,64,0,1648.91,0.622,2,1.3,7.4,14,0,0
3804.52,20,0,957,40,0,2218.62,1.715,2,6.3,27.7,13,0,0
967.33,22,0,411,88,0,1733.7,0.558,1,46.8,36.2,16,0,0
1253.59,17,0,628,138,0,2602.63,0.482,0,27.2,7.8,28,0,0
885.33,17,1,119,49,0,1954.69,0.453,2,6.3,23.5,0,0,0
7840.35,14,1,44,2,3,300.0,26.135,4,90.6,48.9,0,0,1
1745.39,14,1,94,102,0,3775.16,0.462,0,13.2,0.3,0,0,0
680.6,22,1,100,37,0,3450.52,0.197,2,34.9,3.5,0,0,0
13800.18,21,0,428,65,0,2629.42,5.248,0,38.0,10.3,31,0,0
1508.6,19,0,443,65,0,3460.91,0.436,1,16.2,1.1,25,0,0
1428.77,7,1,327,12,0,3321.07,0.43,0,12.1,11.9,0,0,1
9531.68,18,0,93,4,3,1717.15,5.551,3,63.4,40.3,1,0,1
71.5,18,0,427,51,0,1575.85,0.045,2,20.0,45.5,8,0,0
3081.48,13,0,667,105,1,3233.8,0.953,2,5.7,7.6,33,0,0
3375.76,11,0,281,19,0,2155.36,1.566,1,22.2,6.8,1,0,0
1477.88,17,1,53,24,0,2605.23,0.567,1,37.9,11.9,0,0,0
3334.02,0,0,460,44,0,3128.42,1.066,2,14.0,7.0,2,1,0
895.18,20,0,188,47,0,1387.2,0.645,1,31.2,6.3,30,0,0
3470.34,3,1,449,26,0,2365.5,1.467,0,6.2,13.1,0,1,0
16000.62,10,0,771,57,0,2162.5,7.399,1,63.3,7.9,36,0,0
831.4,22,0,389,24,0,1085.45,0.766,0,11.6,22.5,33,0,0
892.01,8,0,584,48,0,2446.67,0.365,0,3.7,13.2,35,0,0
16860.31,7,0,627,115,0,4026.21,4.188,0,33.3,2.2,27,0,0
623.5,18,0,1228,40,0,1125.65,0.554,1,34.6,16.3,30,0,0
20000.0,9,0,433,2,0,2812.48,7.111,0,85.6,74.5,2,0,1
2052.12,18,0,776,60,0,2934.2,0.699,1,19.6,2.0,17,0,0
4539.88,19,0,67,3,1,1752.53,2.59,4,75.8,66.8,0,0,1
768.54,19,1,33,30,0,2252.32,0.341,0,25.1,4.6,0,0,0
12786.98,4,0,109,67,0,807.15,15.842,1,28.6,14.4,59,1,0
906.55,21,0,501,68,0,1649.48,0.55,0,30.7,10.2,22,0,0
599.79,20,0,582,91,1,1623.43,0.369,0,67.4,19.0,33,0,0
1047.2,11,0,808,56,0,3199.2,0.327,0,14.7,1.1,15,0,0
1321.55,12,0,506,55,0,300.0,4.405,2,0.3,10.9,25,0,0
1419.75,13,0,429,104,0,300.0,4.732,1,35.5,2.8,23,0,0
406.85,16,0,571,55,2,2406.79,0.169,1,11.8,9.2,24,0,0
18832.0,12,0,420,61,0,3055.97,6.162,0,4.8,0.5,35,0,0
4514.04,20,1,73,48,0,3028.73,1.49,1,31.7,9.6,0,0,0
892.12,7,0,690,35,2,300.0,2.974,1,36.4,20.2,21,0,0
1102.5,19,0,851,25,0,2418.63,0.456,1,21.4,38.3,36,0,0
3660.93,13,0,1075,85,0,2106.33,1.738,0,29.9,3.4,29,0,0
684.45,8,1,256,35,0,3196.67,0.214,0,12.6,8.1,0,0,0
205.08,20,0,772,106,0,3130.51,0.066,1,17.8,5.9,6,0,0
1287.12,10,0,389,67,1,300.0,4.29,0,18.1,24.2,24,0,0
1059.88,6,0,322,43,0,2265.05,0.468,1,6.4,1.2,14,0,0
1734.57,3,1,101,103,0,1704.22,1.018,0,8.9,17.4,0,1,0
11743.17,20,0,479,100,0,2461.82,4.77,3,34.9,0.8,5,0,0
1424.51,21,0,664,60,0,2617.21,0.544,1,29.7,26.9,32,0,0
1090.83,17,0,280,38,0,1753.62,0.622,0,37.8,8.1,11,0,0
16436.43,4,0,282,1,0,901.34,18.236,5,77.0,60.8,0,1,1
19567.75,15,0,364,91,0,2419.69,8.087,2,6.6,1.8,40,0,0
20000.0,16,1,21,3,4,2820.03,7.092,2,89.3,57.1,0,0,1
2232.37,6,0,626,107,0,1355.12,1.647,0,29.4,18.5,15,0,0
2051.84,16,0,359,57,0,2766.67,0.742,0,47.6,9.2,19,0,1
3008.01,11,0,825,53,0,3265.62,0.921,1,7.8,2.7,15,0,0
1201.07,10,0,500,59,0,2503.59,0.48,2,16.7,12.0,13,0,0
3223.4,8,0,586,131,0,1924.41,1.675,1,30.6,8.3,15,0,0
2796.37,14,0,589,116,0,2954.65,0.946,1,20.5,10.3,31,0,0
2053.3,1,0,1495,44,0,2538.19,0.809,1,13.1,0.8,39,1,0
1462.37,22,1,92,17,2,1381.66,1.058,2,97.5,64.1,0,0,1
2822.81,7,0,425,34,0,1302.43,2.167,0,39.9,12.7,32,0,0
1162.04,12,1,94,118,0,1514.08,0.767,0,1.3,1.4,0,0,0
902.53,22,1,235,0,1,4143.27,0.218,2,18.2,5.2,0,0,1
5568.97,12,0,448,27,0,3126.9,1.781,2,15.3,3.9,15,0,0
290.72,21,0,417,110,0,2977.59,0.098,0,48.1,8.4,5,0,0
2365.5,4,1,33,0,4,2512.95,0.941,1,7.4,14.7,0,1,1
590.3,22,0,460,74,0,1820.95,0.324,1,35.9,7.8,12,0,0
316.74,14,1,95,96,0,3316.87,0.095,0,12.9,8.2,0,0,0
946.34,7,0,729,174,0,300.0,3.154,0,27.8,5.3,32,0,0
1111.5,11,0,684,68,0,2658.55,0.418,1,21.0,10.0,6,0,0
1814.01,10,0,645,69,0,3645.06,0.498,2,14.3,21.4,6,0,0
19796.66,9,0,724,78,0,885.24,22.363,2,37.9,6.5,53,0,0
2997.55,10,0,748,64,0,3136.8,0.956,1,42.4,24.1,36,0,0
4638.18,22,1,37,57,0,2582.2,1.796,0,2.3,4.5,0,0,0
632.24,14,1,106,54,0,300.0,2.107,1,62.1,4.2,0,0,0
4594.9,1,1,43,108,0,1196.12,3.841,1,57.4,12.7,0,1,0
1322.94,12,0,1653,71,0,2508.58,0.527,0,7.7,13.1,5,0,0
3560.76,6,0,602,56,1,2679.56,1.329,0,21.4,15.4,29,0,0
1617.27,7,0,626,73,0,2831.88,0.571,1,34.4,13.1,35,0,0
718.35,17,0,188,52,0,1787.4,0.402,2,14.2,0.1,33,0,0
1002.59,15,0,803,58,0,861.55,1.164,1,8.7,0.4,30,0,0
2602.59,11,0,138,93,0,1370.52,1.899,0,15.8,3.4,12,0,0
3108.38,4,1,195,3,2,1674.17,1.857,5,88.9,76.2,0,1,1
384.86,21,0,935,46,0,1744.54,0.221,0,19.5,7.0,13,0,0
292.84,7,0,447,147,0,3200.82,0.091,3,4.9,20.8,22,0,0
1047.98,20,1,177,60,0,3607.27,0.291,0,2.8,16.9,0,0,0
6709.19,22,0,1128,83,0,1502.22,4.466,1,26.4,7.6,5,0,0
5828.82,12,0,828,85,0,3437.07,1.696,0,23.5,2.3,14,0,0
1004.18,11,1,175,48,0,2457.38,0.409,1,21.7,5.6,0,0,0
1051.43,17,0,949,32,0,1465.7,0.717,1,9.3,2.5,37,0,0
2582.59,6,0,426,116,0,2791.16,0.925,1,42.7,8.3,5,0,0
462.13,16,1,25,3,0,1594.55,0.29,6,16.3,1.8,0,0,1
643.71,15,0,463,112,0,1728.19,0.372,1,50.3,18.7,27,0,0
473.38,18,1,41,30,1,1622.1,0.292,2,13.5,8.5,0,0,1
5597.55,20,1,11,43,0,3840.95,1.457,1,20.3,7.4,0,0,0
4291.61,10,0,398,54,0,3043.68,1.41,0,20.5,4.1,37,0,0
890.98,12,1,297,114,0,1251.03,0.712,1,19.5,30.5,0,0,0
6602.16,22,0,843,0,3,1755.81,3.76,2,54.2,78.2,3,0,1
4533.54,2,1,86,10,3,2658.08,1.706,0,78.8,24.5,0,1,1
3414.05,8,0,596,95,0,3012.14,1.133,0,7.2,10.1,8,0,0
573.32,7,0,273,52,0,1754.66,0.327,0,47.8,18.7,2,0,0
1993.09,7,1,80,103,0,2689.96,0.741,1,9.7,8.8,0,0,0
933.93,10,0,624,67,0,2095.2,0.446,1,25.8,3.3,23,0,0
10908.51,21,1,67,17,0,2736.03,3.987,1,7.3,23.1,0,0,0
2202.9,6,0,243,108,0,2853.41,0.772,2,19.5,12.2,30,0,0
337.48,9,0,639,92,0,3110.7,0.108,1,16.0,0.8,25,0,0
4199.88,7,1,17,31,0,1767.04,2.377,0,50.6,2.8,0,0,1
14735.07,10,0,642,37,0,1722.92,8.552,1,25.3,2.5,14,0,0
1200.98,20,1,257,60,0,2022.38,0.594,3,3.5,16.4,0,0,0
238.0,4,0,578,88,0,2209.74,0.108,1,23.2,13.1,23,1,0
1790.35,18,0,213,61,0,2792.65,0.641,0,22.8,2.5,32,0,0
13096.28,10,0,548,80,0,4338.02,3.019,0,39.3,31.0,3,0,1
14511.62,2,1,116,6,2,2249.65,6.451,3,82.5,58.5,0,1,1
713.72,21,0,603,62,0,1345.45,0.53,0,19.7,19.9,4,0,0
4349.0,18,1,168,73,0,2219.74,1.959,0,17.8,39.1,0,0,0
3067.78,7,0,640,62,0,2579.74,1.189,1,13.7,19.0,23,0,0
3109.23,20,1,526,38,0,2367.67,1.313,0,6.3,21.0,0,0,0
259.63,21,0,508,89,1,1253.48,0.207,0,22.4,5.1,12,0,0
1024.9,19,0,423,68,0,1209.6,0.847,3,20.1,20.6,16,0,0
1213.91,17,0,508,3,5,2198.48,0.552,1,7.6,5.3,3,0,1
1823.47,9,0,390,32,1,2167.44,0.841,2,2.8,3.2,34,0,0
3790.54,19,0,1159,86,0,1222.13,3.102,0,10.6,1.0,18,0,0
903.47,15,0,641,71,0,1319.11,0.685,1,17.1,34.6,20,0,0
6943.34,21,0,489,92,0,2392.65,2.902,2,14.1,18.2,2,0,0
927.03,13,1,1,14,0,3023.15,0.307,1,4.6,8.0,0,0,1
4224.35,23,0,770,3,1,1151.81,3.668,0,73.5,51.1,2,1,1
1272.6,10,0,502,41,0,3823.85,0.333,0,14.1,2.4,29,0,0
1785.09,13,0,581,55,0,1173.86,1.521,0,37.7,17.5,10,0,0
4941.6,8,0,523,46,0,1125.84,4.389,1,11.9,20.5,14,0,0
12486.09,19,0,819,70,0,2583.42,4.833,0,29.1,11.1,56,0,0
4891.35,14,0,171,40,0,3673.42,1.332,0,20.8,9.9,12,0,0
4857.67,1,0,420,6,0,4003.34,1.213,6,77.4,49.7,2,1,1
15803.59,3,0,64,135,0,2857.66,5.53,0,6.7,4.2,54,1,0
995.18,21,0,220,46,0,1060.08,0.939,1,46.3,4.0,1,0,0
2977.65,21,0,770,15,0,1267.41,2.349,1,5.0,21.0,26,0,0
4393.35,22,0,203,57,0,768.51,5.717,0,18.1,2.2,36,0,0
1782.78,5,1,171,5,1,3334.38,0.535,1,18.0,3.9,0,1,1
7344.77,12,0,700,40,0,1458.07,5.037,0,11.4,7.4,3,0,0
6217.17,19,0,663,80,0,1687.3,3.685,0,20.2,20.8,20,0,0
880.02,18,1,49,93,0,3030.88,0.29,0,24.4,33.2,0,0,0
3363.83,16,0,858,47,0,3042.44,1.106,0,42.2,16.7,32,0,0
651.5,18,1,76,124,0,2412.43,0.27,2,5.3,1.7,0,0,0
5246.97,15,0,397,28,0,1751.4,2.996,2,20.7,19.0,20,0,1
1039.75,7,0,178,13,0,1917.47,0.542,0,11.6,13.4,36,0,0
1449.93,20,1,43,30,1,1392.51,1.041,1,11.5,3.6,0,0,1
